DATAFILE_AS_OF,REPORT_YEAR,REPORT_NUMBER,SUPPLEMENTAL_NUMBER,OPERATOR_ID,OPERATOR_NAME,PARTB_UNGS_FACILITY_NAME,PARTB_INTER_INTRA,PARTB_UNIT_ID,PARTB_LOCATION_LATITUDE,PARTB_LOCATION_LONGITUDE,PARTB_LOCATION_STATE_ABBR,PARTB_LOCATION_STATE_NAME,PARTB_LOCATION_COUNTY,PARTB_EIA_GAS_FIELD_CODE,PARTB_WORKING_GAS_CAPACITY_BCF,PARTB_BASE_GAS_CAPACITY_BCF,PARTB_TOTAL_GAS_CAPACITY_BCF,PARTB_VOL_WTHDRWN_AT_FCLTY_BCF,PARTB_VOL_INJCTD_AT_FCLTY_BCF,REPORT_SUBMISSION_TYPE,REPORT_DATE,FILING_DATE
3/1/2022,2017,20180561,561,405,ANR PIPELINE CO,Austin,Inter,87289,43.62865,-85.38688,MI,Michigan,MECOSTA,107,7,16.08,23.08,9.35,9.3,INITIAL,3/9/2018,3/9/2018
3/1/2022,2017,20180561,561,405,ANR PIPELINE CO,Blue Lake 18A,Inter,87338,44.83061,-84.9459,MI,Michigan,KALKASKA,079,47.09,7.03,54.12,22.81,21.22,INITIAL,3/9/2018,3/9/2018
3/1/2022,2017,20180561,561,405,ANR PIPELINE CO,Central Charlton,Inter,87292,45.01432,-84.37577,MI,Michigan,OTSEGO,137,14.1,4.9,19,4.38,1.81,INITIAL,3/9/2018,3/9/2018
3/1/2022,2017,20180561,561,405,ANR PIPELINE CO,Cold Springs 1,Inter,87298,44.8411,-84.96876,MI,Michigan,KALKASKA,079,15.33,4.5,19.83,5.02,5.18,INITIAL,3/9/2018,3/9/2018
3/1/2022,2017,20180561,561,405,ANR PIPELINE CO,Cold Springs 12,Inter,87299,44.83539,-84.96678,MI,Michigan,KALKASKA,079,25.26,3.63,28.89,12.82,10.61,INITIAL,3/9/2018,3/9/2018
3/1/2022,2017,20180561,561,405,ANR PIPELINE CO,Cold Springs 31,Inter,87297,44.77311,-85.07414,MI,Michigan,KALKASKA,079,5,0.75,5.75,1.32,0.9,INITIAL,3/9/2018,3/9/2018
3/1/2022,2017,20180561,561,405,ANR PIPELINE CO,Eaton Rapids 36,Intra,87984,42.50642,-84.59604,MI,Michigan,INGHAM,065,12.98,3.25,16.23,8.35,6.81,INITIAL,3/9/2018,3/9/2018
3/1/2022,2017,20180561,561,405,ANR PIPELINE CO,Excelsior 6/East Kalkaska 1,Inter,87300,44.77053,-85.0847,MI,Michigan,KALKASKA,079,10.81,1.5,12.31,2.32,2.35,INITIAL,3/9/2018,3/9/2018
3/1/2022,2017,20180561,561,405,ANR PIPELINE CO,Goodwell,Inter,87290,43.61674,-85.64678,MI,Michigan,NEWAYGO,123,21.3,10.4,31.7,49.89,17.55,INITIAL,3/9/2018,3/9/2018
3/1/2022,2017,20180561,561,405,ANR PIPELINE CO,Lincoln/Freeman,Inter,87337,43.93322,-84.93884,MI,Michigan,CLARE,035,18.5,17.22,35.72,11.94,10.38,INITIAL,3/9/2018,3/9/2018
3/1/2022,2017,20180561,561,405,ANR PIPELINE CO,Loreed,Inter,87296,43.9336,-85.53753,MI,Michigan,OSCEOLA,133,19,23.21,42.21,14.25,10.66,INITIAL,3/9/2018,3/9/2018
3/1/2022,2017,20180561,561,405,ANR PIPELINE CO,Muttonville,Inter,87336,42.7715,-82.74616,MI,Michigan,MACOMB,099,8.2,5.21,13.41,4.79,4.65,INITIAL,3/9/2018,3/9/2018
3/1/2022,2017,20180561,561,405,ANR PIPELINE CO,Rapid River 35,Inter,87294,44.77848,-85.1209,MI,Michigan,KALKASKA,133,15.05,2.28,17.33,5.53,3.5,INITIAL,3/9/2018,3/9/2018
3/1/2022,2017,20180561,561,405,ANR PIPELINE CO,Reed City,Inter,87293,43.93069,-85.54955,MI,Michigan,OSCEOLA,133,15.2,13.71,28.91,14.08,10.06,INITIAL,3/9/2018,3/9/2018
3/1/2022,2017,20180561,561,405,ANR PIPELINE CO,South Chester 15,Inter,87295,44.90654,-84.53595,MI,Michigan,OTSEGO,137,14.6,4.86,19.46,2.96,1.65,INITIAL,3/9/2018,3/9/2018
3/1/2022,2017,20180561,561,405,ANR PIPELINE CO,Winfield,Inter,87291,43.44215,-85.42709,MI,Michigan,MONTCALM,177,1.9,8.53,10.43,1.08,1.2,INITIAL,3/9/2018,3/9/2018
3/1/2022,2017,20180605,605,602,"ENABLE GAS TRANSMISSION, LLC",Ada,Inter,87985,34.82327,-96.68887,OK,Oklahoma,PONTOTOC,2830,14.14,8.41,22.55,11.74,10.16,INITIAL,3/13/2018,3/13/2018
3/1/2022,2017,20180605,605,602,"ENABLE GAS TRANSMISSION, LLC",Chiles Dome,Inter,87986,34.71164,-96.29656,OK,Oklahoma,COAL,138766,12.6,11,23.6,12.07,8.11,INITIAL,3/13/2018,3/13/2018
3/1/2022,2017,20180605,605,602,"ENABLE GAS TRANSMISSION, LLC",Ruston,Inter,87279,32.61995,-92.61315,LA,Louisiana,LINCOLN,620502,4,3,7,1.64,1.28,INITIAL,3/13/2018,3/13/2018
3/1/2022,2017,20180281,301,1007,"TALLGRASS INTERSTATE GAS TRANSMISSION, LLC",Huntsman Gas Storage Field,Inter,87987,41.19844,-102.9933,NE,Nebraska,CHEYENNE,34029,15.97,22.2,38.17,9.11,7.85,INITIAL,2/26/2018,2/26/2018
3/1/2022,2017,20180363,863,1217,BEAR CREEK STORAGE CO,Bear Creek,Inter,87276,32.3743,-92.94288,LA,Louisiana,BIENVILLE,048643,59.2,48.7,107.9,33.02,30.56,SUPPLEMENTAL,3/1/2018,6/20/2018
3/1/2022,2017,20180626,626,2392,CITIZENS GAS & COKE UTILITY,Dixon,Intra,87988,39.0594,-87.03231,IN,Indiana,GREENE,193998,0.87,1.91,2.78,0.63,0.62,INITIAL,3/14/2018,3/14/2018
3/1/2022,2017,20180626,626,2392,CITIZENS GAS & COKE UTILITY,Howesville,Intra,87989,39.14141,-87.14771,IN,Indiana,GREENE,335454,1.05,3.2,4.25,0.65,0.65,INITIAL,3/14/2018,3/14/2018
3/1/2022,2017,20180626,626,2392,CITIZENS GAS & COKE UTILITY,Mineral City,Intra,87990,38.9687,-86.92304,IN,Indiana,GREENE,476691,0.4,1.68,2.08,0.28,0.26,INITIAL,3/14/2018,3/14/2018
3/1/2022,2017,20180626,626,2392,CITIZENS GAS & COKE UTILITY,Simpson,Intra,87991,38.9687,-86.92304,IN,Indiana,GREENE,657104,0.4,1.8,2.2,0.01,0,INITIAL,3/14/2018,3/14/2018
3/1/2022,2017,20180626,626,2392,CITIZENS GAS & COKE UTILITY,Switz City,Intra,87992,39.03287,-87.06914,IN,Indiana,GREENE,693201,0.86,4.78,5.64,0.51,0.55,INITIAL,3/14/2018,3/14/2018
3/1/2022,2017,20180626,626,2392,CITIZENS GAS & COKE UTILITY,Worthington,Intra,87993,39.1031,-86.99098,IN,Indiana,GREENE,779801,3.52,9.68,13.2,2.04,2.27,INITIAL,3/14/2018,3/14/2018
3/1/2022,2017,20180101,943,2412,CITIZENS GAS UTIL DIST,Indian Creek Storage Field,Intra,87994,36.31836,-84.71773,TN,Tennessee,MORGAN,129,1.8,0.54,2.34,1.7,2.24,SUPPLEMENTAL,2/13/2018,9/25/2018
3/1/2022,2017,20180501,1644,2564,COLORADO INTERSTATE GAS CO,Boehm Gas Storage Field,Inter,87259,37.18488,-101.87447,KS,Kansas,MORTON,077715,5.23,7.5,12.73,3.62,4.03,SUPPLEMENTAL,3/7/2018,9/2/2020
3/1/2022,2017,20180501,1644,2564,COLORADO INTERSTATE GAS CO,Flank Gas Storage Field,Inter,87219,37.11492,-102.18222,CO,Colorado,BACA,243676,7.18,11.44,18.62,7.87,8.25,SUPPLEMENTAL,3/7/2018,9/2/2020
3/1/2022,2017,20180501,1644,2564,COLORADO INTERSTATE GAS CO,Fort Morgan,Inter,87215,40.18788,-103.81683,CO,Colorado,MORGAN,250574,8.5,6.36,14.86,15.65,14.35,SUPPLEMENTAL,3/7/2018,9/2/2020
3/1/2022,2017,20180501,1644,2564,COLORADO INTERSTATE GAS CO,Latigo Gas Storage Field,Inter,87216,39.60742,-104.17758,CO,Colorado,ARAPAHOE,403515,9.35,12.28,21.63,6.39,7.2,SUPPLEMENTAL,3/7/2018,9/2/2020
3/1/2022,2017,20180501,1644,2564,COLORADO INTERSTATE GAS CO,Totem,Inter,87217,39.88251,-104.35064,CO,Colorado,ADAMS,714029,7,3.7,10.7,8.78,9.01,SUPPLEMENTAL,3/7/2018,9/2/2020
3/1/2022,2017,20180501,1644,2564,COLORADO INTERSTATE GAS CO,Young Gas Storage Field,Inter,87218,40.31166,-103.83732,CO,Colorado,MORGAN,787893,5.79,4.16,9.95,12.75,12.63,SUPPLEMENTAL,3/7/2018,9/2/2020
3/1/2022,2017,20180625,841,2600,COLUMBIA GAS OF PENNSYLVANIA,Blackhawk Compressor Station,Intra,88084,40.75702,-80.43689,PA,Pennsylvania,BEAVER,069081,1.2,2.4,3.6,183.44,0.66,SUPPLEMENTAL,3/14/2018,6/18/2018
3/1/2022,2017,20180581,2464,2616,"COLUMBIA GAS TRANSMISSION, LLC",Artemas A,Inter,87995,39.72556,-78.42194,PA,Pennsylvania,BEDFORD,009,8.78,5.68,14.46,9.87,9.73,SUPPLEMENTAL,3/12/2018,10/12/2021
3/1/2022,2017,20180581,2464,2616,"COLUMBIA GAS TRANSMISSION, LLC",Artemas B,Inter,87996,39.72556,-78.42194,PA,Pennsylvania,BEDFORD,009,1.32,0.83,2.15,1.49,0.99,SUPPLEMENTAL,3/12/2018,10/12/2021
3/1/2022,2017,20180581,2464,2616,"COLUMBIA GAS TRANSMISSION, LLC",Benton,Inter,87997,39.41417,-82.60556,OH,Ohio,HOCKING,073,8.48,16.62,25.1,7.22,6.73,SUPPLEMENTAL,3/12/2018,10/12/2021
3/1/2022,2017,20180581,2464,2616,"COLUMBIA GAS TRANSMISSION, LLC",Brinker,Inter,87998,40.82472,-80.75639,OH,Ohio,COLUMBIANA,029,3.12,4.53,7.65,2.2,1.9,SUPPLEMENTAL,3/12/2018,10/12/2021
3/1/2022,2017,20180581,2464,2616,"COLUMBIA GAS TRANSMISSION, LLC",Coco A,Inter,87999,38.40194,-81.41722,WV,West Virginia,KANAWHA,039,23.43,15.71,39.14,22.02,21.12,SUPPLEMENTAL,3/12/2018,10/12/2021
3/1/2022,2017,20180581,2464,2616,"COLUMBIA GAS TRANSMISSION, LLC",Coco B,Inter,88000,38.40194,-81.41722,WV,West Virginia,KANAWHA,039,3.54,6.17,9.71,3.51,3.95,SUPPLEMENTAL,3/12/2018,10/12/2021
3/1/2022,2017,20180581,2464,2616,"COLUMBIA GAS TRANSMISSION, LLC",Coco C,Inter,88001,38.40194,-81.41722,WV,West Virginia,KANAWHA,039,8.54,10.23,18.77,6.42,8.34,SUPPLEMENTAL,3/12/2018,10/12/2021
3/1/2022,2017,20180581,2464,2616,"COLUMBIA GAS TRANSMISSION, LLC",Crawford,Inter,88002,39.63139,-82.555,OH,Ohio,FAIRFIELD,045,31.4,47.7,79.1,15.91,9.66,SUPPLEMENTAL,3/12/2018,10/12/2021
3/1/2022,2017,20180581,2464,2616,"COLUMBIA GAS TRANSMISSION, LLC",Donegal,Inter,88003,40.11167,-80.4625,PA,Pennsylvania,WASHINGTON,125,6.29,3.61,9.9,4.83,4.65,SUPPLEMENTAL,3/12/2018,10/12/2021
3/1/2022,2017,20180581,2464,2616,"COLUMBIA GAS TRANSMISSION, LLC",Dundee,Inter,88004,42.45694,-76.97722,NY,New York,SCHUYLER,097,4.77,6.59,11.36,2.98,3.45,SUPPLEMENTAL,3/12/2018,10/12/2021
3/1/2022,2017,20180581,2464,2616,"COLUMBIA GAS TRANSMISSION, LLC",Glady,Inter,88005,38.78194,-79.70472,WV,West Virginia,RANDOLPH,083,12.81,18.39,31.2,15.32,13.49,SUPPLEMENTAL,3/12/2018,10/12/2021
3/1/2022,2017,20180581,2464,2616,"COLUMBIA GAS TRANSMISSION, LLC",Greenwood,Inter,88006,42.16111,-77.66222,NY,New York,STEUBEN,101,0.13,3.2,3.33,0,0,SUPPLEMENTAL,3/12/2018,10/12/2021
3/1/2022,2017,20180581,2464,2616,"COLUMBIA GAS TRANSMISSION, LLC",Guernsey,Inter,88007,40.09972,-81.64,OH,Ohio,GUERNSEY,059,3.58,3.72,7.3,0.81,1.6,SUPPLEMENTAL,3/12/2018,10/12/2021
3/1/2022,2017,20180581,2464,2616,"COLUMBIA GAS TRANSMISSION, LLC",Hardy Inkerman,Inter,88008,39.06507,-78.7305,WV,West Virginia,HARDY,031,4.14,8.11,12.25,4.7,4.74,SUPPLEMENTAL,3/12/2018,10/12/2021
3/1/2022,2017,20180581,2464,2616,"COLUMBIA GAS TRANSMISSION, LLC",Hardy Lost River,Inter,88009,39.06507,-78.7305,WV,West Virginia,HARDY,031,8.16,9.19,17.35,5.72,5.94,SUPPLEMENTAL,3/12/2018,10/12/2021
3/1/2022,2017,20180581,2464,2616,"COLUMBIA GAS TRANSMISSION, LLC",Heard,Inter,88010,39.96333,-80.52139,WV,West Virginia,MARSHALL,051,8.5,0.4,8.9,0,0,SUPPLEMENTAL,3/12/2018,10/12/2021
3/1/2022,2017,20180581,2464,2616,"COLUMBIA GAS TRANSMISSION, LLC",Holmes,Inter,88011,40.65194,-82.13472,OH,Ohio,HOLMES,075,10.9,10.8,21.7,3.63,2.68,SUPPLEMENTAL,3/12/2018,10/12/2021
3/1/2022,2017,20180581,2464,2616,"COLUMBIA GAS TRANSMISSION, LLC",Hunt,Inter,88012,38.51306,-81.47444,WV,West Virginia,KANAWHA,039,1.7,4.44,6.14,0.01,0,SUPPLEMENTAL,3/12/2018,10/12/2021
3/1/2022,2017,20180581,2464,2616,"COLUMBIA GAS TRANSMISSION, LLC",Lanham,Inter,88013,38.47722,-81.71083,WV,West Virginia,KANAWHA,039,2.26,2.74,5,3.77,3.74,SUPPLEMENTAL,3/12/2018,10/12/2021
3/1/2022,2017,20180581,2464,2616,"COLUMBIA GAS TRANSMISSION, LLC",Laurel,Inter,88014,39.63139,-82.555,OH,Ohio,HOCKING,073,10.29,13.02,23.31,5.5,4.67,SUPPLEMENTAL,3/12/2018,10/12/2021
3/1/2022,2017,20180581,2464,2616,"COLUMBIA GAS TRANSMISSION, LLC",Lorain,Inter,88015,41.13667,-82.16917,OH,Ohio,LORAIN,093,3.43,7.27,10.7,3.03,3.15,SUPPLEMENTAL,3/12/2018,10/12/2021
3/1/2022,2017,20180581,2464,2616,"COLUMBIA GAS TRANSMISSION, LLC",Lucas,Inter,88016,40.70528,-82.36056,OH,Ohio,RICHLAND,139,29.01,31.39,60.4,19.49,21.7,SUPPLEMENTAL,3/12/2018,10/12/2021
3/1/2022,2017,20180581,2464,2616,"COLUMBIA GAS TRANSMISSION, LLC",Majorsville Deep,Inter,88017,39.96333,-80.52139,WV,West Virginia,MARSHALL,051,23,1.52,24.52,0,0,SUPPLEMENTAL,3/12/2018,10/12/2021
3/1/2022,2017,20180581,2464,2616,"COLUMBIA GAS TRANSMISSION, LLC",Majorsville Shallow,Inter,88018,39.96333,-80.52139,WV,West Virginia,MARSHALL,051,3.3,0.18,3.48,0,0,SUPPLEMENTAL,3/12/2018,10/12/2021
3/1/2022,2017,20180581,2464,2616,"COLUMBIA GAS TRANSMISSION, LLC",McArthur,Inter,88019,39.23972,-82.54333,OH,Ohio,VINTON,163,5.34,5.56,10.9,4.59,4.02,SUPPLEMENTAL,3/12/2018,10/12/2021
3/1/2022,2017,20180581,2464,2616,"COLUMBIA GAS TRANSMISSION, LLC",Medina,Inter,88020,41.19556,-81.90722,OH,Ohio,MEDINA,103,4.44,5.97,10.41,1.64,1.46,SUPPLEMENTAL,3/12/2018,10/12/2021
3/1/2022,2017,20180581,2464,2616,"COLUMBIA GAS TRANSMISSION, LLC",North Greenwood,Inter,88021,42.16111,-77.66222,NY,New York,STEUBEN,101,1.15,2.05,3.2,0,0,SUPPLEMENTAL,3/12/2018,10/12/2021
3/1/2022,2017,20180581,2464,2616,"COLUMBIA GAS TRANSMISSION, LLC",Pavonia,Inter,88022,40.81944,-82.42056,OH,Ohio,RICHLAND,139,27.08,22.42,49.5,15.02,14.97,SUPPLEMENTAL,3/12/2018,10/12/2021
3/1/2022,2017,20180581,2464,2616,"COLUMBIA GAS TRANSMISSION, LLC",Ripley,Inter,88023,38.87889,-81.69,WV,West Virginia,JACKSON,035,10.55,14.5,25.05,10.1,8.1,SUPPLEMENTAL,3/12/2018,10/12/2021
3/1/2022,2017,20180581,2464,2616,"COLUMBIA GAS TRANSMISSION, LLC",Rockport,Inter,88024,39.06889,-81.55194,WV,West Virginia,WOOD,107,3.81,4.35,8.16,7.89,7.19,SUPPLEMENTAL,3/12/2018,10/12/2021
3/1/2022,2017,20180581,2464,2616,"COLUMBIA GAS TRANSMISSION, LLC",Terra Alta,Inter,88025,39.42194,-79.545,WV,West Virginia,PRESTON,077,14.7,28.76,43.46,10.85,10.7,SUPPLEMENTAL,3/12/2018,10/12/2021
3/1/2022,2017,20180581,2464,2616,"COLUMBIA GAS TRANSMISSION, LLC",Terra Alta South,Inter,88026,39.42194,-79.545,WV,West Virginia,PRESTON,077,5.44,11.96,17.4,2.44,3.21,SUPPLEMENTAL,3/12/2018,10/12/2021
3/1/2022,2017,20180581,2464,2616,"COLUMBIA GAS TRANSMISSION, LLC",Victory A,Inter,88027,39.76583,-80.64583,WV,West Virginia,MARSHALL,051,3.58,3.57,7.15,2.61,3.14,SUPPLEMENTAL,3/12/2018,10/12/2021
3/1/2022,2017,20180581,2464,2616,"COLUMBIA GAS TRANSMISSION, LLC",Victory B,Inter,88028,39.76583,-80.64583,WV,West Virginia,MARSHALL,051,14.19,10.91,25.1,7.73,9.93,SUPPLEMENTAL,3/12/2018,10/12/2021
3/1/2022,2017,20180581,2464,2616,"COLUMBIA GAS TRANSMISSION, LLC",Wayne,Inter,88029,40.65194,-82.13472,OH,Ohio,HOLMES,075,8.26,9.14,17.4,4.21,3.2,SUPPLEMENTAL,3/12/2018,10/12/2021
3/1/2022,2017,20180581,2464,2616,"COLUMBIA GAS TRANSMISSION, LLC",Weaver,Inter,88030,40.65944,-82.4025,OH,Ohio,RICHLAND,139,31.97,18.53,50.5,16.82,14.77,SUPPLEMENTAL,3/12/2018,10/12/2021
3/1/2022,2017,20180581,2464,2616,"COLUMBIA GAS TRANSMISSION, LLC",Wellington,Inter,88031,41.13667,-82.16917,OH,Ohio,MEDINA,103,8.89,14.21,23.1,7.1,6.77,SUPPLEMENTAL,3/12/2018,10/12/2021
3/1/2022,2017,20180541,541,2714,"DOMINION ENERGY TRANSMISSION, INC.",Bridgeport,Inter,88044,39.3356,-80.2131,WV,West Virginia,HARRISON,091588,4.18,4.04,8.22,1.92,2.21,INITIAL,3/8/2018,3/8/2018
3/1/2022,2017,20180541,541,2714,"DOMINION ENERGY TRANSMISSION, INC.",Ellisburg,Inter,88045,41.92283,-77.89371,PA,Pennsylvania,POTTER,220996,43.31,33.46,76.77,45.85,50.78,INITIAL,3/8/2018,3/8/2018
3/1/2022,2017,20180541,541,2714,"DOMINION ENERGY TRANSMISSION, INC.",Fink-Kennedy-Lost Creek,Inter,88046,39.13597,-80.48158,WV,West Virginia,LEWIS,241335,89.54,77.98,167.52,74.17,77.34,INITIAL,3/8/2018,3/8/2018
3/1/2022,2017,20180541,541,2714,"DOMINION ENERGY TRANSMISSION, INC.",Greenlick,Inter,88047,41.48546,-77.71629,PA,Pennsylvania,POTTER,289081,28.83,27.03,55.86,29.14,26.58,INITIAL,3/8/2018,3/8/2018
3/1/2022,2017,20180541,541,2714,"DOMINION ENERGY TRANSMISSION, INC.",Harrison,Inter,88048,41.98174,-77.67885,PA,Pennsylvania,POTTER,307691,20.72,13.38,34.1,28.79,26.55,INITIAL,3/8/2018,3/8/2018
3/1/2022,2017,20180541,541,2714,"DOMINION ENERGY TRANSMISSION, INC.",Leidy,Inter,88049,41.44797,-77.85773,PA,Pennsylvania,CLINTON,408747,55.08,46.92,102,50.77,53.24,INITIAL,3/8/2018,3/8/2018
3/1/2022,2017,20180541,541,2714,"DOMINION ENERGY TRANSMISSION, INC.",North Summit,Inter,88050,39.82627,-79.67603,PA,Pennsylvania,FAYETTE,004225,11.5,11.5,23,5.01,5.22,INITIAL,3/8/2018,3/8/2018
3/1/2022,2017,20180541,541,2714,"DOMINION ENERGY TRANSMISSION, INC.",Oakford-Fifth Sand,Inter,88051,40.40393,-79.55541,PA,Pennsylvania,WESTMORELAND,517434,9.4,12,21.4,13.23,12.59,INITIAL,3/8/2018,3/8/2018
3/1/2022,2017,20180541,541,2714,"DOMINION ENERGY TRANSMISSION, INC.",Oakford-Murrysville,Inter,88052,40.37085,-79.56244,PA,Pennsylvania,WESTMORELAND,517434,72,39,111,79.78,78.76,INITIAL,3/8/2018,3/8/2018
3/1/2022,2017,20180541,541,2714,"DOMINION ENERGY TRANSMISSION, INC.",Quinlan,Inter,88053,42.00432,-78.45375,NY,New York,CATTARAUGUS,019155,4,3.9,7.9,4.69,3.88,INITIAL,3/8/2018,3/8/2018
3/1/2022,2017,20180541,541,2714,"DOMINION ENERGY TRANSMISSION, INC.",Racket-Newberne,Inter,88054,39.02579,-80.90063,WV,West Virginia,GILMER,582509,4.45,3.47,7.92,0.13,0.49,INITIAL,3/8/2018,3/8/2018
3/1/2022,2017,20180541,541,2714,"DOMINION ENERGY TRANSMISSION, INC.",Sabinsville,Inter,88055,41.87524,-77.53466,PA,Pennsylvania,TIOGA,623108,18.2,17.42,35.62,20.23,17.93,INITIAL,3/8/2018,3/8/2018
3/1/2022,2017,20180541,541,2714,"DOMINION ENERGY TRANSMISSION, INC.",Sharon,Inter,88056,41.97512,-78.09667,PA,Pennsylvania,POTTER,647971,2.41,2.2,4.61,0,0,INITIAL,3/8/2018,3/8/2018
3/1/2022,2017,20180541,541,2714,"DOMINION ENERGY TRANSMISSION, INC.",South Bend,Inter,88057,40.63838,-79.36261,PA,Pennsylvania,ARMSTRONG,666548,5.81,11.53,17.34,3.85,4.44,INITIAL,3/8/2018,3/8/2018
3/1/2022,2017,20180541,541,2714,"DOMINION ENERGY TRANSMISSION, INC.",Tamarack,Inter,88058,41.40758,-77.84592,PA,Pennsylvania,CLINTON,696938,6.12,5.11,11.23,1.64,1.18,INITIAL,3/8/2018,3/8/2018
3/1/2022,2017,20180541,541,2714,"DOMINION ENERGY TRANSMISSION, INC.",Tioga,Inter,88059,41.94189,-77.21743,PA,Pennsylvania,TIOGA,709091,24,12,36,19.38,21.53,INITIAL,3/8/2018,3/8/2018
3/1/2022,2017,20180541,541,2714,"DOMINION ENERGY TRANSMISSION, INC.",Woodhull,Inter,88060,42.06798,-77.4009,NY,New York,STEUBEN,777445,20.6,15.31,35.91,19.28,19.27,INITIAL,3/8/2018,3/8/2018
3/1/2022,2017,20180624,624,2748,CONSUMERS ENERGY CO,Cranberry Lake,Intra,88061,44.15088,-84.97306,MI,Michigan,CLARE,035,10.87,16.99,27.86,7,7.58,INITIAL,3/14/2018,3/14/2018
3/1/2022,2017,20180624,624,2748,CONSUMERS ENERGY CO,Four Corners,Intra,88062,42.72327,-82.61187,MI,Michigan,SAINT CLAIR,147,2.36,1.37,3.73,1.01,1.93,INITIAL,3/14/2018,3/14/2018
3/1/2022,2017,20180624,624,2748,CONSUMERS ENERGY CO,Hessen,Intra,88063,42.80386,-82.65215,MI,Michigan,SAINT CLAIR,147,12.35,4.42,16.77,10.13,9.7,INITIAL,3/14/2018,3/14/2018
3/1/2022,2017,20180624,624,2748,CONSUMERS ENERGY CO,Ira,Intra,88064,42.71637,-82.63379,MI,Michigan,SAINT CLAIR,147,1.98,4.2,6.18,0.78,0.88,INITIAL,3/14/2018,3/14/2018
3/1/2022,2017,20180624,624,2748,CONSUMERS ENERGY CO,Lenox,Intra,88065,42.71971,-82.82238,MI,Michigan,MACOMB,99,1.19,2,3.19,0.6,0.58,INITIAL,3/14/2018,3/14/2018
3/1/2022,2017,20180624,624,2748,CONSUMERS ENERGY CO,Lyon 29,Intra,88066,42.44834,-83.63294,MI,Michigan,OAKLAND,125,1.22,0.94,2.16,0.06,0.08,INITIAL,3/14/2018,3/14/2018
3/1/2022,2017,20180624,624,2748,CONSUMERS ENERGY CO,Lyon 34,Intra,88067,42.44417,-83.61052,MI,Michigan,OAKLAND,125,0.69,0.65,1.34,0.05,0.05,INITIAL,3/14/2018,3/14/2018
3/1/2022,2017,20180624,624,2748,CONSUMERS ENERGY CO,Northville Reef,Intra,88068,42.42959,-83.58206,MI,Michigan,WASHTENAW,161,0.49,0.71,1.2,0.1,0.98,INITIAL,3/14/2018,3/14/2018
3/1/2022,2017,20180624,624,2748,CONSUMERS ENERGY CO,Overisel,Intra,88069,42.72861,-85.95401,MI,Michigan,ALLEGAN,005,22.72,29.64,52.36,16.21,16.53,INITIAL,3/14/2018,3/14/2018
3/1/2022,2017,20180624,624,2748,CONSUMERS ENERGY CO,Puttygut,Intra,88070,42.78278,-82.64537,MI,Michigan,SAINT CLAIR,147,9.39,5.04,14.43,7.54,7.47,INITIAL,3/14/2018,3/14/2018
3/1/2022,2017,20180624,624,2748,CONSUMERS ENERGY CO,Ray,Intra,88071,42.80528,-82.87653,MI,Michigan,MACOMB,99,47.52,17.06,64.58,43.76,39.5,INITIAL,3/14/2018,3/14/2018
3/1/2022,2017,20180624,624,2748,CONSUMERS ENERGY CO,Riverside,Intra,88072,44.20114,-85.18346,MI,Michigan,MISSAUKEE,113,1.48,7.41,8.89,0.33,0.38,INITIAL,3/14/2018,3/14/2018
3/1/2022,2017,20180624,624,2748,CONSUMERS ENERGY CO,Salem,Intra,88073,42.72358,-85.83441,MI,Michigan,ALLEGAN,005,11.46,18.67,30.13,9.21,8.92,INITIAL,3/14/2018,3/14/2018
3/1/2022,2017,20180624,624,2748,CONSUMERS ENERGY CO,Swan Creek,Intra,88074,42.72558,-82.62452,MI,Michigan,SAINT CLAIR,147,0.41,0.23,0.64,0.11,0.28,INITIAL,3/14/2018,3/14/2018
3/1/2022,2017,20180624,624,2748,CONSUMERS ENERGY CO,Winterfield,Intra,88075,44.09249,-85.06596,MI,Michigan,CLARE,035,25,46.44,71.44,19.27,16.76,INITIAL,3/14/2018,3/14/2018
3/1/2022,2017,20180643,783,2859,CRANBERRY PIPELINE CORP (WV),Heizer Creek Storage,Intra,88085,38.52261,-81.77501,WV,West Virginia,PUTNAM,0,0,0.1,0.1,0,0,SUPPLEMENTAL,3/15/2018,5/24/2018
3/1/2022,2017,20180643,783,2859,CRANBERRY PIPELINE CORP (WV),Maxton,Intra,88086,37.70994,-81.2883,WV,West Virginia,RALEIGH,0,0.66,0.21,0.87,0.44,0.41,SUPPLEMENTAL,3/15/2018,5/24/2018
3/1/2022,2017,20180564,564,3260,DELTA NATURAL GAS CO INC,Canada Mountain Storage,Intra,88087,36.66986,-83.72801,KY,Kentucky,BELL,013,2.89,2.2,5.09,2.71,2.59,INITIAL,3/9/2018,3/9/2018
3/1/2022,2017,20180622,622,4060,DOMINION ENERGY OHIO,Chippewa,Intra,88088,40.94034,-81.68053,OH,Ohio,WAYNE,139789,3.73,9.11,12.84,1.54,1.7,INITIAL,3/14/2018,3/14/2018
3/1/2022,2017,20180622,622,4060,DOMINION ENERGY OHIO,Gabor,Intra,88089,40.90541,-81.65633,OH,Ohio,WAYNE,262457,1.02,3.36,4.38,0.52,0.6,INITIAL,3/14/2018,3/14/2018
3/1/2022,2017,20180622,622,4060,DOMINION ENERGY OHIO,Stark-Summit,Intra,88090,40.90082,-81.52523,OH,Ohio,STARK,677011,59.4,93.39,152.79,44.35,44.74,INITIAL,3/14/2018,3/14/2018
3/1/2022,2017,20200128,1604,4273,EGYPTIAN GAS STORAGE CORP,Egyptian Gas Storage Mills Compressor Station,Intra,,37.89377,-88.2219,IL,Illinois,GALLATIN,0,0.85,0.15,1,0.11,0.11,SUPPLEMENTAL,7/29/2020,7/29/2020
3/1/2022,2017,20180543,543,4280,EL PASO NATURAL GAS CO,Washington Ranch Gas Storage Field,Inter,88091,32.08192,-104.48511,NM,New Mexico,EDDY,750376,44.04,24.56,68.6,20.02,9.42,INITIAL,3/8/2018,3/8/2018
3/1/2022,2017,20180702,721,4360,ELIZABETHTOWN NATURAL GAS,Cecilia Storage Field,Intra,88092,37.67757,-85.9739,KY,Kentucky,HARDIN,0,2.01,0.99,3,0.14,0.12,SUPPLEMENTAL,3/26/2018,3/28/2018
3/1/2022,2017,20180585,656,4900,KINDER MORGAN TEJAS PIPELINE,Stratton Ridge,Intra,88093,29.05726,-95.34174,TX,Texas,BRAZORIA,017333,1.41,0.88,2.29,0.72,0.58,SUPPLEMENTAL,3/12/2018,3/15/2018
3/1/2022,2017,20180585,656,4900,KINDER MORGAN TEJAS PIPELINE,West Clear Lake,Intra,88094,29.624,-95.11472,TX,Texas,HARRIS,147214,99.35,34.92,134.27,58.74,46.76,SUPPLEMENTAL,3/12/2018,3/15/2018
3/1/2022,2017,20180362,363,6720,ATMOS ENERGY CORPORATION - COLORADO/KANSAS,Liberty North Gas Storage Field,Intra,88735,37.13978,-95.54506,KS,Kansas,MONTGOMERY,125,2.8,2,4.8,1.55,1.76,INITIAL,3/1/2018,3/1/2018
3/1/2022,2017,20180362,363,6720,ATMOS ENERGY CORPORATION - COLORADO/KANSAS,Liberty South Gas Storage Field,Intra,88734,37.11279,-95.55442,KS,Kansas,MONTGOMERY,125,0.44,0.3,0.74,0,0,INITIAL,3/1/2018,3/1/2018
3/1/2022,2017,20180481,481,7050,HAMPSHIRE GAS CO,Hampshire Gas,Inter,88097,39.20696,-78.73517,WV,West Virginia,HAMPSHIRE,19100020,5.42,9.2,14.62,0.25,0.34,INITIAL,3/6/2018,3/6/2018
3/1/2022,2017,20180141,801,7338,HONEOYE STORAGE CORP,Honeoye Storage Corp,Inter,88098,42.80658,-77.44898,NY,New York,ONTARIO,069,6.77,4.68,11.45,6.21,5.64,SUPPLEMENTAL,2/15/2018,5/30/2018
3/1/2022,2017,20180601,1002,8070,INDIANA GAS CO INC,Hindustan Storage Field,Intra,88099,39.31176,-86.50097,IN,Indiana,MONROE,003886,0.77,2.14,2.91,0.32,0.45,SUPPLEMENTAL,3/13/2018,12/18/2018
3/1/2022,2017,20180601,1002,8070,INDIANA GAS CO INC,Sellersburg Storage Field,Intra,88100,38.41283,-85.70985,IN,Indiana,CLARK,643615,0.14,1.3,1.44,0.02,0.08,SUPPLEMENTAL,3/13/2018,12/18/2018
3/1/2022,2017,20180601,1002,8070,INDIANA GAS CO INC,Unionville Storage Field,Intra,88101,39.21238,-86.4499,IN,Indiana,MONROE,728572,3.97,8.16,12.13,2.45,2.3,SUPPLEMENTAL,3/13/2018,12/18/2018
3/1/2022,2017,20180601,1002,8070,INDIANA GAS CO INC,Wolcott Storage Field,Intra,88102,40.71829,-87.05675,IN,Indiana,WHITE,776143,1.18,5.85,7.03,0.96,0.84,SUPPLEMENTAL,3/13/2018,12/18/2018
3/1/2022,2017,20180653,653,11032,SPIRE MISSOURI INC. EAST,Florissant Dome,Intra,88103,38.83736,-90.27444,MO,Missouri,SAINT LOUIS,246280,3.66,10.19,13.85,2.53,2.28,INITIAL,3/15/2018,3/15/2018
3/1/2022,2017,20180608,608,11824,LOUISVILLE GAS & ELECTRIC CO,Center Storage Field,Intra,88104,37.16804,-85.70782,KY,Kentucky,METCALFE,129264,2.38,2.72,5.1,1.47,1.55,INITIAL,3/13/2018,3/13/2018
3/1/2022,2017,20180608,608,11824,LOUISVILLE GAS & ELECTRIC CO,Doe Run Storage Field,Intra,88105,37.99802,-86.09235,KY,Kentucky,MEADE,194968,3.99,1.81,5.8,2.85,2.83,INITIAL,3/13/2018,3/13/2018
3/1/2022,2017,20180608,608,11824,LOUISVILLE GAS & ELECTRIC CO,Magnolia Deep Storage Field,Intra,88106,37.4316,-85.7078,KY,Kentucky,LARUE,440775,2.03,2.37,4.4,2.03,2.01,INITIAL,3/13/2018,3/13/2018
3/1/2022,2017,20180608,608,11824,LOUISVILLE GAS & ELECTRIC CO,Magnolia Upper Storage Field,Intra,88107,37.4316,-85.7078,KY,Kentucky,LARUE,440775,3.54,2.46,6,2.86,2.78,INITIAL,3/13/2018,3/13/2018
3/1/2022,2017,20180608,608,11824,LOUISVILLE GAS & ELECTRIC CO,Muldraugh Storage Field,Intra,88108,37.93444,-86.1361,KY,Kentucky,MEADE,493184,3.15,1.45,4.6,3.08,2.89,INITIAL,3/13/2018,3/13/2018
3/1/2022,2017,20180021,21,12350,"CENTERPOINT ENERGY RESOURCES CORP., DBA CENTERPOINT ENERGY MINNESOTA GAS",Waterville Underground Storage,Intra,86165,44.19554,-93.51646,MN,Minnesota,WASECA,751666,2,5,7,1.45,1.26,INITIAL,2/5/2018,2/5/2018
3/1/2022,2017,20180610,610,12408,DTE GAS COMPANY,Belle River Mills,Intra,88109,42.78692,-82.5304,MI,Michigan,SAINT CLAIR,053820,59.65,19.76,79.41,28.68,29.47,INITIAL,3/13/2018,3/13/2018
3/1/2022,2017,20180610,610,12408,DTE GAS COMPANY,Columbus,Intra,88110,42.85206,-82.67482,MI,Michigan,SAINT CLAIR,007795,16.17,4.7,20.87,10.66,11.24,INITIAL,3/13/2018,3/13/2018
3/1/2022,2017,20180610,610,12408,DTE GAS COMPANY,W C Taggart,Intra,88111,43.44379,-85.14336,MI,Michigan,MONTCALM,658449,39.78,33.25,73.03,29.67,33.67,INITIAL,3/13/2018,3/13/2018
3/1/2022,2017,20180610,610,12408,DTE GAS COMPANY,Washington 10 Complex,Inter,88112,42.67256,-83.01446,MI,Michigan,MACOMB,019988,90.11,16.17,106.28,35.07,35.19,INITIAL,3/13/2018,3/13/2018
3/1/2022,2017,20180610,610,12408,DTE GAS COMPANY,West Columbus,Intra,88113,42.864,-82.731,MI,Michigan,SAINT CLAIR,155538,22.38,4.38,26.76,0.84,3.15,INITIAL,3/13/2018,3/13/2018
3/1/2022,2017,20180563,563,12420,MICHIGAN GAS UTILITIES CO,Cortright Storage Field,Intra,88114,42.40714,-84.90416,MI,Michigan,CALHOUN,0,0.71,0.51,1.22,0.52,0.53,INITIAL,3/9/2018,3/9/2018
3/1/2022,2017,20180563,563,12420,MICHIGAN GAS UTILITIES CO,Lee 3 Storage Field,Intra,88115,42.42201,-84.8754,MI,Michigan,CALHOUN,0,0.93,0.77,1.7,0.68,0.7,INITIAL,3/9/2018,3/9/2018
3/1/2022,2017,20180563,563,12420,MICHIGAN GAS UTILITIES CO,Lee 3A Storage Field,Intra,88116,42.41966,-84.8883,MI,Michigan,CALHOUN,0,0.52,0.47,0.99,0.37,0.37,INITIAL,3/9/2018,3/9/2018
3/1/2022,2017,20180563,563,12420,MICHIGAN GAS UTILITIES CO,Partello/Anderson Storage Field,Intra,88117,42.39161,-84.83133,MI,Michigan,CALHOUN,0,0.76,2.57,3.33,0.17,0.42,INITIAL,3/9/2018,3/9/2018
3/1/2022,2017,20180606,606,12576,"ENABLE MISSISSIPPI RIVER TRANSMISSION, LLC",East Unionville,Inter,87280,32.65044,-92.52825,LA,Louisiana,LINCOLN,728634,27.57,27.63,55.2,19.31,18.24,INITIAL,3/13/2018,3/13/2018
3/1/2022,2017,20180606,606,12576,"ENABLE MISSISSIPPI RIVER TRANSMISSION, LLC",St. Jacob,Inter,87238,38.70217,-89.77013,IL,Illinois,MADISON,624627,1.34,2.76,4.1,0.53,0.57,INITIAL,3/13/2018,3/13/2018
3/1/2022,2017,20180606,606,12576,"ENABLE MISSISSIPPI RIVER TRANSMISSION, LLC",West Unionville,Inter,87281,32.66565,-92.59835,LA,Louisiana,LINCOLN,728572,11.47,13.53,25,0.62,0,INITIAL,3/13/2018,3/13/2018
3/1/2022,2017,20180642,642,12582,ATMOS ENERGY CORPORATION - MISSISSIPPI,Amory Storage Field,Intra,88118,33.94842,-88.36321,MS,Mississippi,MONROE,016408,0.99,0.86,1.85,1.25,1.03,INITIAL,3/15/2018,3/15/2018
3/1/2022,2017,20180642,642,12582,ATMOS ENERGY CORPORATION - MISSISSIPPI,Goodwin Storage Field,Intra,88119,33.94853,-88.3632,MS,Mississippi,MONROE,280509,0.91,1.59,2.5,0.45,0.17,INITIAL,3/15/2018,3/15/2018
3/1/2022,2017,20180324,344,12817,"MOSS BLUFF HUB, LLC (SPECTRA ENERGY PARTNERS, LP)",Moss Bluff,Intra,88120,29.9071,-94.7038,TX,Texas,LIBERTY,487479,20.96,6.73,27.69,56.6,55.13,INITIAL,3/1/2018,3/1/2018
3/1/2022,2017,20180659,661,12874,"DOMINION ENERGY QUESTAR PIPELINE, LLC",Chalk Creek Storage,Inter,88121,40.93495,-111.30962,UT,Utah,SUMMIT,131078,0.3,1.02,1.32,0.33,0.28,INITIAL,3/15/2018,3/15/2018
3/1/2022,2017,20180659,661,12874,"DOMINION ENERGY QUESTAR PIPELINE, LLC",Clay Basin Storage,Inter,88122,40.99192,-109.21254,UT,Utah,DAGGETT,146315,54,66.2,120.2,37.03,34.5,INITIAL,3/15/2018,3/15/2018
3/1/2022,2017,20180659,661,12874,"DOMINION ENERGY QUESTAR PIPELINE, LLC",Coalville Storage,Inter,88123,40.92056,-111.37534,UT,Utah,SUMMIT,150268,0.69,2.27,2.96,0.49,0.46,INITIAL,3/15/2018,3/15/2018
3/1/2022,2017,20180659,661,12874,"DOMINION ENERGY QUESTAR PIPELINE, LLC",Leroy Storage,Inter,88124,41.32993,-110.61957,WY,Wyoming,UINTA,411227,0.84,5.91,6.75,0.71,0.69,INITIAL,3/15/2018,3/15/2018
3/1/2022,2017,20180627,901,13063,NATIONAL FUEL GAS SUPPLY CORP,Beech Hill,Inter,88126,42.03116,-77.89347,NY,New York,ALLEGANY,001981,9.9,13.1,23,4.24,5.71,SUPPLEMENTAL,3/14/2018,7/3/2018
3/1/2022,2017,20180627,901,13063,NATIONAL FUEL GAS SUPPLY CORP,Belmouth,Inter,88127,41.35118,-78.78679,PA,Pennsylvania,ELK,054750,0.8,0.6,1.4,0.61,0.51,SUPPLEMENTAL,3/14/2018,7/3/2018
3/1/2022,2017,20180627,901,13063,NATIONAL FUEL GAS SUPPLY CORP,Bennington,Inter,88128,42.80696,-78.46852,NY,New York,WYOMING,056021,1.8,3.33,5.13,1.15,1.05,SUPPLEMENTAL,3/14/2018,7/3/2018
3/1/2022,2017,20180627,901,13063,NATIONAL FUEL GAS SUPPLY CORP,Boone Mountain,Inter,88129,41.21518,-78.68616,PA,Pennsylvania,ELK,081063,0.93,1.13,2.06,0.51,0.42,SUPPLEMENTAL,3/14/2018,7/3/2018
3/1/2022,2017,20180627,901,13063,NATIONAL FUEL GAS SUPPLY CORP,Colden,Inter,88130,42.65837,-78.69663,NY,New York,ERIE,152221,7.55,11.17,18.72,5.83,4.58,SUPPLEMENTAL,3/14/2018,7/3/2018
3/1/2022,2017,20180627,901,13063,NATIONAL FUEL GAS SUPPLY CORP,Collins,Inter,88131,42.47044,-78.86478,NY,New York,ERIE,154050,2.85,3.83,6.68,1.64,1.24,SUPPLEMENTAL,3/14/2018,7/3/2018
3/1/2022,2017,20180627,901,13063,NATIONAL FUEL GAS SUPPLY CORP,Corry,Inter,88132,41.96765,-79.72372,PA,Pennsylvania,ERIE,162823,0.2,1.05,1.25,0.14,0.15,SUPPLEMENTAL,3/14/2018,7/3/2018
3/1/2022,2017,20180627,901,13063,NATIONAL FUEL GAS SUPPLY CORP,Derby,Inter,88133,42.68083,-78.96764,NY,New York,ERIE,189262,0.25,0.22,0.47,0.03,0,SUPPLEMENTAL,3/14/2018,7/3/2018
3/1/2022,2017,20180627,901,13063,NATIONAL FUEL GAS SUPPLY CORP,East Branch,Inter,88134,41.68379,-78.94697,PA,Pennsylvania,MCKEAN,211672,4.5,9.31,13.81,4.69,4.42,SUPPLEMENTAL,3/14/2018,7/3/2018
3/1/2022,2017,20180627,901,13063,NATIONAL FUEL GAS SUPPLY CORP,East Independence,Inter,88135,42.10903,-77.76374,NY,New York,ALLEGANY,344921,2.2,4.2,6.4,1.32,1.5,SUPPLEMENTAL,3/14/2018,7/3/2018
3/1/2022,2017,20180627,901,13063,NATIONAL FUEL GAS SUPPLY CORP,Ellisburg,Inter,88136,41.92283,-77.89371,PA,Pennsylvania,POTTER,220996,12.22,9.44,21.66,12.91,12.12,SUPPLEMENTAL,3/14/2018,7/3/2018
3/1/2022,2017,20180627,901,13063,NATIONAL FUEL GAS SUPPLY CORP,Galbraith,Inter,88137,41.06852,-79.10425,PA,Pennsylvania,JEFFERSON,263480,1.9,1.05,2.95,1.77,1.55,SUPPLEMENTAL,3/14/2018,7/3/2018
3/1/2022,2017,20180627,901,13063,NATIONAL FUEL GAS SUPPLY CORP,Henderson,Inter,88138,41.27881,-80.00241,PA,Pennsylvania,MERCER,263914,2.5,2.81,5.31,1.75,1.41,SUPPLEMENTAL,3/14/2018,7/3/2018
3/1/2022,2017,20180627,901,13063,NATIONAL FUEL GAS SUPPLY CORP,Holland,Inter,88139,42.68736,-78.52061,NY,New York,ERIE,327673,1.1,1.57,2.67,0.35,0.32,SUPPLEMENTAL,3/14/2018,7/3/2018
3/1/2022,2017,20180627,901,13063,NATIONAL FUEL GAS SUPPLY CORP,Keelor,Inter,88140,41.69894,-78.86275,PA,Pennsylvania,MCKEAN,371213,2.4,1.55,3.95,0.97,1.18,SUPPLEMENTAL,3/14/2018,7/3/2018
3/1/2022,2017,20180627,901,13063,NATIONAL FUEL GAS SUPPLY CORP,Lawtons,Inter,88141,42.52152,-78.9196,NY,New York,ERIE,405654,0.97,1.88,2.85,0.48,0.38,SUPPLEMENTAL,3/14/2018,7/3/2018
3/1/2022,2017,20180627,901,13063,NATIONAL FUEL GAS SUPPLY CORP,Limestone,Inter,88142,42.05875,-78.7415,NY,New York,CATTARAUGUS,011014,2,7,9,0.92,1,SUPPLEMENTAL,3/14/2018,7/3/2018
3/1/2022,2017,20180627,901,13063,NATIONAL FUEL GAS SUPPLY CORP,Markle,Inter,88143,41.14786,-79.01013,PA,Pennsylvania,JEFFERSON,448308,0.16,0.18,0.34,0.06,0.08,SUPPLEMENTAL,3/14/2018,7/3/2018
3/1/2022,2017,20180627,901,13063,NATIONAL FUEL GAS SUPPLY CORP,Nashville,Inter,88144,42.44862,-79.06068,NY,New York,CATTARAUGUS,449045,3.93,5.05,8.98,3,2.77,SUPPLEMENTAL,3/14/2018,7/3/2018
3/1/2022,2017,20180627,901,13063,NATIONAL FUEL GAS SUPPLY CORP,Perrysburg,Inter,88145,42.45596,-78.98971,NY,New York,CATTARAUGUS,551296,1.85,3.2,5.05,1.12,0.85,SUPPLEMENTAL,3/14/2018,7/3/2018
3/1/2022,2017,20180627,901,13063,NATIONAL FUEL GAS SUPPLY CORP,Queen,Inter,88146,41.62376,-79.35146,PA,Pennsylvania,FOREST,579391,0.3,0.64,0.94,0,0,SUPPLEMENTAL,3/14/2018,7/3/2018
3/1/2022,2017,20180627,901,13063,NATIONAL FUEL GAS SUPPLY CORP,Sheridan,Inter,88147,42.5021,-79.19065,NY,New York,CHAUTAUQUA,650885,1.1,3.31,4.41,0.85,0.68,SUPPLEMENTAL,3/14/2018,7/3/2018
3/1/2022,2017,20180627,901,13063,NATIONAL FUEL GAS SUPPLY CORP,St Marys,Inter,88148,41.43029,-78.50055,PA,Pennsylvania,ELK,674345,0.22,0.31,0.53,0.1,0.07,SUPPLEMENTAL,3/14/2018,7/3/2018
3/1/2022,2017,20180627,901,13063,NATIONAL FUEL GAS SUPPLY CORP,Summit,Inter,88149,42.04915,-80.05645,PA,Pennsylvania,ERIE,688357,1.6,2.6,4.2,0.85,1.02,SUPPLEMENTAL,3/14/2018,7/3/2018
3/1/2022,2017,20180627,901,13063,NATIONAL FUEL GAS SUPPLY CORP,Swede Hill,Inter,88150,41.75069,-78.89736,PA,Pennsylvania,MCKEAN,692147,0.3,0.8,1.1,0.32,0.2,SUPPLEMENTAL,3/14/2018,7/3/2018
3/1/2022,2017,20180627,901,13063,NATIONAL FUEL GAS SUPPLY CORP,Tuscarora,Inter,88151,42.07178,-77.28863,NY,New York,STEUBEN,722702,3.8,2.59,6.39,1.9,2.71,SUPPLEMENTAL,3/14/2018,7/3/2018
3/1/2022,2017,20180627,901,13063,NATIONAL FUEL GAS SUPPLY CORP,Wellendorf,Inter,88152,41.61862,-78.46272,PA,Pennsylvania,MCKEAN,757146,0.45,0.68,1.13,0.49,0.42,SUPPLEMENTAL,3/14/2018,7/3/2018
3/1/2022,2017,20180627,901,13063,NATIONAL FUEL GAS SUPPLY CORP,West Independence,Inter,88153,42.08106,-77.81529,NY,New York,ALLEGANY,051746,7.3,4.5,11.8,2.86,3.15,SUPPLEMENTAL,3/14/2018,7/3/2018
3/1/2022,2017,20180627,901,13063,NATIONAL FUEL GAS SUPPLY CORP,Wharton,Inter,88154,41.51201,-77.98855,PA,Pennsylvania,POTTER,315837,16,15.4,31.4,0,0,SUPPLEMENTAL,3/14/2018,7/3/2018
3/1/2022,2017,20180627,901,13063,NATIONAL FUEL GAS SUPPLY CORP,Zoar,Inter,88155,42.49465,-78.75101,NY,New York,ERIE,792603,0.6,1.65,2.25,1.05,0.98,SUPPLEMENTAL,3/14/2018,7/3/2018
3/1/2022,2017,20180593,593,13120,NATURAL GAS PIPELINE CO OF AMERICA (KMI),Cairo Galesville,Inter,87234,41.23512,-91.34924,IA,Iowa,LOUISA,115,4.4,11.2,15.6,4.44,3.52,INITIAL,3/12/2018,3/12/2018
3/1/2022,2017,20180593,593,13120,NATURAL GAS PIPELINE CO OF AMERICA (KMI),Cairo Mt. Simon,Inter,88158,41.23512,-91.34924,IA,Iowa,LOUISA,115,12.92,38.5,51.42,6.1,6.16,INITIAL,3/12/2018,3/12/2018
3/1/2022,2017,20180593,593,13120,NATURAL GAS PIPELINE CO OF AMERICA (KMI),Cairo St. Peter,Inter,88157,41.23512,-91.34924,IA,Iowa,LOUISA,115,11.1,15.9,27,7.22,8.18,INITIAL,3/12/2018,3/12/2018
3/1/2022,2017,20180593,593,13120,NATURAL GAS PIPELINE CO OF AMERICA (KMI),Columbus City Galesville,Inter,87235,41.23512,-91.34924,IA,Iowa,LOUISA,115,0,0.02,0.02,0,0,INITIAL,3/12/2018,3/12/2018
3/1/2022,2017,20180593,593,13120,NATURAL GAS PIPELINE CO OF AMERICA (KMI),Columbus City Mt. Simon,Inter,88158,41.23512,-91.34924,IA,Iowa,LOUISA,115,12.19,27.4,39.59,6.77,6.24,INITIAL,3/12/2018,3/12/2018
3/1/2022,2017,20180593,593,13120,NATURAL GAS PIPELINE CO OF AMERICA (KMI),Columbus City St. Peter,Inter,88159,41.23512,-91.34924,IA,Iowa,LOUISA,115,4.5,10.32,14.82,2.89,2.94,INITIAL,3/12/2018,3/12/2018
3/1/2022,2017,20180593,593,13120,NATURAL GAS PIPELINE CO OF AMERICA (KMI),Cooks Mills,Inter,87239,39.65238,-88.39819,IL,Illinois,DOUGLAS,41,4.95,1.8,6.75,7.84,6.88,INITIAL,3/12/2018,3/12/2018
3/1/2022,2017,20180593,593,13120,NATURAL GAS PIPELINE CO OF AMERICA (KMI),Herscher Galesville and Herscher Mt Simon,Inter,87240,41.03355,-88.09447,IL,Illinois,KANKAKEE,318751,36.95,77.55,114.5,17.94,17.61,INITIAL,3/12/2018,3/12/2018
3/1/2022,2017,20180593,593,13120,NATURAL GAS PIPELINE CO OF AMERICA (KMI),Herscher Northwest,Inter,88160,41.10923,-88.19169,IL,Illinois,KANKAKEE,318782,2.21,15.29,17.5,0,0,INITIAL,3/12/2018,3/12/2018
3/1/2022,2017,20180593,593,13120,NATURAL GAS PIPELINE CO OF AMERICA (KMI),Keota,Inter,87236,41.36569,-91.91895,IA,Iowa,WASHINGTON,183,2.81,3.18,5.99,5.26,4.9,INITIAL,3/12/2018,3/12/2018
3/1/2022,2017,20180593,593,13120,NATURAL GAS PIPELINE CO OF AMERICA (KMI),Loudon,Inter,87254,39.12052,-88.86451,IL,Illinois,FAYETTE,428984,40,40,80,23.36,20.53,INITIAL,3/12/2018,3/12/2018
3/1/2022,2017,20180593,593,13120,NATURAL GAS PIPELINE CO OF AMERICA (KMI),North Lansing,Inter,88161,32.59925,-94.66589,TX,Texas,HARRISON,401810,96,60,156,69.37,37.88,INITIAL,3/12/2018,3/12/2018
3/1/2022,2017,20180593,593,13120,NATURAL GAS PIPELINE CO OF AMERICA (KMI),Sayre,Inter,88162,35.23814,-99.62333,OK,Oklahoma,BECKHAM,636469,62.23,28.17,90.4,29.51,26.04,INITIAL,3/12/2018,3/12/2018
3/1/2022,2017,20180631,631,13710,NORTHERN ILLINOIS GAS CO,Ancona,Intra,88733,41.0373,-88.91061,IL,Illinois,LIVINGSTON,105,60.9,111.93,172.83,55.89,54.73,INITIAL,3/14/2018,3/14/2018
3/1/2022,2017,20180631,631,13710,NORTHERN ILLINOIS GAS CO,Hudson,Intra,88732,40.58367,-88.94415,IL,Illinois,MCLEAN,113,10.25,36.6,46.85,9.19,9.34,INITIAL,3/14/2018,3/14/2018
3/1/2022,2017,20180631,631,13710,NORTHERN ILLINOIS GAS CO,Lake Bloomington,Intra,88731,40.68576,-88.91876,IL,Illinois,MCLEAN,113,8.4,41.14,49.54,6.71,6.94,INITIAL,3/14/2018,3/14/2018
3/1/2022,2017,20180631,631,13710,NORTHERN ILLINOIS GAS CO,Lexington,Intra,88730,40.63002,-88.83681,IL,Illinois,MCLEAN,113,8.25,43.94,52.19,7.06,6.22,INITIAL,3/14/2018,3/14/2018
3/1/2022,2017,20180631,631,13710,NORTHERN ILLINOIS GAS CO,Pecatonica,Intra,88729,42.29408,-89.32229,IL,Illinois,WINNEBAGO,201,1.72,1.57,3.29,0.4,0.48,INITIAL,3/14/2018,3/14/2018
3/1/2022,2017,20180631,631,13710,NORTHERN ILLINOIS GAS CO,Pontiac Galesville,Intra,88728,40.85988,-88.54276,IL,Illinois,LIVINGSTON,113,8.5,10.24,18.74,7.01,6.61,INITIAL,3/14/2018,3/14/2018
3/1/2022,2017,20180631,631,13710,NORTHERN ILLINOIS GAS CO,Pontiac Mt Simon,Intra,88727,40.85988,-88.54276,IL,Illinois,LIVINGSTON,105,3.72,39.14,42.86,2.91,2.34,INITIAL,3/14/2018,3/14/2018
3/1/2022,2017,20180631,631,13710,NORTHERN ILLINOIS GAS CO,Troy Grove,Intra,88726,41.4549,-89.13274,IL,Illinois,LA SALLE,99,48,31.98,79.98,46.47,46.14,INITIAL,3/14/2018,3/14/2018
3/1/2022,2017,20180628,822,13730,NORTHERN INDIANA PUBLIC SERVICE CO,Grass Creek,Intra,88163,40.92406,-86.45248,IN,Indiana,FULTON,049,1.94,15.89,17.83,0,0,SUPPLEMENTAL,3/14/2018,6/13/2018
3/1/2022,2017,20180628,822,13730,NORTHERN INDIANA PUBLIC SERVICE CO,Royal Center Underground Storage,Intra,88164,40.89096,-86.47301,IN,Indiana,CASS,017,5.95,10.68,16.63,3.96,4.05,SUPPLEMENTAL,3/14/2018,6/13/2018
3/1/2022,2017,20180584,881,13750,NORTHERN NATURAL GAS CO,Cunningham,Inter,87260,37.68293,-98.4649,KS,Kansas,PRATT,174542,40.92,21.08,62,44.66,40.23,SUPPLEMENTAL,3/12/2018,6/22/2018
3/1/2022,2017,20180584,881,13750,NORTHERN NATURAL GAS CO,Lyons,Inter,87261,38.33129,-98.13842,KS,Kansas,RICE,436364,8,16,24,6.52,6.74,SUPPLEMENTAL,3/12/2018,6/22/2018
3/1/2022,2017,20180584,881,13750,NORTHERN NATURAL GAS CO,Redfield,Inter,87237,41.68386,-94.16413,IA,Iowa,DALLAS,592506,42.4,91.35,133.75,34.4,34.99,SUPPLEMENTAL,3/12/2018,6/22/2018
3/1/2022,2017,20180588,588,13840,NORTHWEST NATURAL GAS CO,Mist,Intra,88165,46.0212,-123.27065,OR,Oregon,COLUMBIA,9,15.94,12.64,28.58,10.47,11.36,INITIAL,3/12/2018,3/12/2018
3/1/2022,2017,20180612,612,15007,PACIFIC GAS & ELECTRIC CO,Los Medanos,Intra,88725,38.02347,-122.00376,CA,California,CONTRA COSTA,013,17.95,11.19,29.14,6.93,6.93,INITIAL,3/13/2018,3/13/2018
3/1/2022,2017,20180612,612,15007,PACIFIC GAS & ELECTRIC CO,McDonald Island,Intra,88724,37.99096,-121.47647,CA,California,SAN JOAQUIN,077,82,54.57,136.57,32.55,27.79,INITIAL,3/13/2018,3/13/2018
3/1/2022,2017,20180612,612,15007,PACIFIC GAS & ELECTRIC CO,Pleasant Creek,Intra,88723,38.54552,-122.00211,CA,California,YOLO,113,2.25,5.08,7.33,1.22,1.06,INITIAL,3/13/2018,3/13/2018
3/1/2022,2017,20180401,401,15105,PANHANDLE EASTERN PIPELINE CO,Borchers North,Inter,87263,37.21224,-100.35417,KS,Kansas,MEADE,119,28.37,35.08,63.45,16.19,14.78,INITIAL,3/4/2018,3/4/2018
3/1/2022,2017,20180401,401,15105,PANHANDLE EASTERN PIPELINE CO,Howell,Inter,88166,42.55577,-83.87361,MI,Michigan,LIVINGSTON,093,17.75,13.41,31.16,9.61,9.78,INITIAL,3/4/2018,3/4/2018
3/1/2022,2017,20180401,401,15105,PANHANDLE EASTERN PIPELINE CO,North Hopeton,Inter,88167,36.72524,-98.69177,OK,Oklahoma,WOODS,151,3.5,14.6,18.1,2.24,2.43,INITIAL,3/4/2018,3/4/2018
3/1/2022,2017,20180401,401,15105,PANHANDLE EASTERN PIPELINE CO,Waverly,Inter,87262,39.59145,-89.98056,IL,Illinois,MORGAN,137,5,46.62,51.62,5.26,4.38,INITIAL,3/4/2018,3/4/2018
3/1/2022,2017,20180654,654,15329,PEOPLES GAS LIGHT & COKE CO,Manlove,Intra,88722,40.28333,-88.41666,IL,Illinois,CHAMPAIGN,9843,38.2,142.18,180.38,33.13,32.8,INITIAL,3/15/2018,3/15/2018
3/1/2022,2017,20180722,742,15350,PEOPLES NATURAL GAS COMPANY LLC,MURRYSVILLE,Intra,88168,40.46067,-79.7059,PA,Pennsylvania,ALLEGHENY,0004352,1.53,1.72,3.25,1.64,1.45,INITIAL,4/3/2018,4/3/2018
3/1/2022,2017,20180382,761,15359,BLACK HILLS ENERGY,Bunker Hill,Intra,88169,42.27321,-107.493,WY,Wyoming,CARBON,103353,0.85,1.17,2.02,0.29,0.25,SUPPLEMENTAL,3/2/2018,4/13/2018
3/1/2022,2017,20180382,761,15359,BLACK HILLS ENERGY,East Mohoney,Intra,88170,42.1905,-107.26829,WY,Wyoming,CARBON,000719,0,0,0,0.03,0,SUPPLEMENTAL,3/2/2018,4/13/2018
3/1/2022,2017,20180382,761,15359,BLACK HILLS ENERGY,Kirk Ranch,Intra,88171,42.42341,-107.86839,WY,Wyoming,FREMONT,009805,0.54,0.94,1.48,0.35,0.24,SUPPLEMENTAL,3/2/2018,4/13/2018
3/1/2022,2017,20180382,761,15359,BLACK HILLS ENERGY,Oil Springs,Intra,88172,41.99157,-106.26666,WY,Wyoming,CARBON,520968,4.35,15.04,19.39,1.25,1.05,SUPPLEMENTAL,3/2/2018,4/13/2018
3/1/2022,2017,20180382,761,15359,BLACK HILLS ENERGY,Stockton,Intra,88173,35.52382,-93.97962,AR,Arkansas,FRANKLIN,424210,5.75,8.25,14,1.31,2.01,SUPPLEMENTAL,3/2/2018,4/13/2018
3/1/2022,2017,20180382,761,15359,BLACK HILLS ENERGY,Woolsey,Intra,88174,35.52905,-93.82398,AR,Arkansas,FRANKLIN,764509,2.69,4.7,7.39,2.74,2.55,SUPPLEMENTAL,3/2/2018,4/13/2018
3/1/2022,2017,20180723,743,15476,PEOPLES GAS COMPANY LLC,HUGHES,Intra,88175,40.67647,-79.70944,PA,Pennsylvania,BUTLER,0006490,0.02,0.05,0.07,0.04,0.03,INITIAL,4/3/2018,4/3/2018
3/1/2022,2017,20180723,743,15476,PEOPLES GAS COMPANY LLC,KINTER,Intra,88176,40.714,-79.08113,PA,Pennsylvania,INDIANA,0006490,0.4,1.15,1.55,0.16,0.16,INITIAL,4/3/2018,4/3/2018
3/1/2022,2017,20180723,743,15476,PEOPLES GAS COMPANY LLC,PORTMAN,Intra,88177,40.85369,-79.85844,PA,Pennsylvania,BUTLER,0006490,0.09,0.09,0.18,0.28,0.25,INITIAL,4/3/2018,4/3/2018
3/1/2022,2017,20180723,743,15476,PEOPLES GAS COMPANY LLC,VARDY,Intra,88178,40.90454,-79.84111,PA,Pennsylvania,BUTLER,0006490,0.07,0.05,0.12,0.06,0.03,INITIAL,4/3/2018,4/3/2018
3/1/2022,2017,20180423,423,15790,PONTCHARTRAIN NATURAL GAS SYSTEM,Grand Bayou Storage,Intra,88179,30.0135,-91.11609,LA,Louisiana,ASSUMPTION,007,1.6,1,2.6,4.99,4.53,INITIAL,3/5/2018,3/5/2018
3/1/2022,2017,20180587,587,15931,PUBLIC SERVICE CO OF COLORADO,Asbury Creek,Intra,88181,39.27492,-108.62204,CO,Colorado,MESA,027088,4.59,1.22,5.81,0.89,0.89,INITIAL,3/12/2018,3/12/2018
3/1/2022,2017,20180587,587,15931,PUBLIC SERVICE CO OF COLORADO,Fruita,Intra,88180,39.28461,-108.66782,CO,Colorado,MESA,259068,0.32,0.04,0.36,0.03,0.04,INITIAL,3/12/2018,3/12/2018
3/1/2022,2017,20180587,587,15931,PUBLIC SERVICE CO OF COLORADO,Roundup,Intra,88182,40.11125,-104.08224,CO,Colorado,MORGAN,616060,16.08,2.98,19.06,2.41,1.82,INITIAL,3/12/2018,3/12/2018
3/1/2022,2017,20180381,381,17620,ROCKY MOUNTAIN NATURAL GAS CO INC,Wolf Creek,Intra,88183,39.31158,-107.40225,CO,Colorado,PITKIN,776236,2.36,6.17,8.53,1.13,0.95,INITIAL,3/2/2018,3/2/2018
3/1/2022,2017,20180641,641,18472,SEMCO ENERGY GAS COMPANY,Collins,Intra,88184,42.6714,-82.58722,MI,Michigan,SAINT CLAIR,153988,1.46,0.89,2.35,1.2,1.1,INITIAL,3/15/2018,3/15/2018
3/1/2022,2017,20180641,641,18472,SEMCO ENERGY GAS COMPANY,Lacey,Intra,88185,42.47141,-85.20886,MI,Michigan,BARRY,393525,0.18,0.08,0.26,0.15,0.12,INITIAL,3/15/2018,3/15/2018
3/1/2022,2017,20180641,641,18472,SEMCO ENERGY GAS COMPANY,Lee 11,Intra,88186,42.40706,-84.85254,MI,Michigan,CALHOUN,3273,0.63,0.34,0.97,0.63,0.66,INITIAL,3/15/2018,3/15/2018
3/1/2022,2017,20180641,641,18472,SEMCO ENERGY GAS COMPANY,Lee 2,Intra,88187,42.42192,-84.86133,MI,Michigan,CALHOUN,3265,0.63,0.26,0.89,0.68,0.58,INITIAL,3/15/2018,3/15/2018
3/1/2022,2017,20180641,641,18472,SEMCO ENERGY GAS COMPANY,Morton,Intra,88188,42.92639,-82.47362,MI,Michigan,SAINT CLAIR,9849,2,1.61,3.61,2.1,2,INITIAL,3/15/2018,3/15/2018
3/1/2022,2017,20180661,663,18484,SOUTHERN CALIFORNIA GAS CO,Aliso Canyon,Intra,88721,34.30911,-118.55263,CA,California,LOS ANGELES,010456,86.2,81.52,167.72,0.44,8.68,INITIAL,3/15/2018,3/15/2018
3/1/2022,2017,20180661,663,18484,SOUTHERN CALIFORNIA GAS CO,Honor Rancho,Intra,88720,34.44743,-118.5869,CA,California,LOS ANGELES,330773,27,20.99,47.99,25.05,25,INITIAL,3/15/2018,3/15/2018
3/1/2022,2017,20180661,663,18484,SOUTHERN CALIFORNIA GAS CO,La Goleta,Intra,88719,34.4213,-119.8196,CA,California,SANTA BARBARA,391270,21.5,24.59,46.09,10.51,10.29,INITIAL,3/15/2018,3/15/2018
3/1/2022,2017,20180661,663,18484,SOUTHERN CALIFORNIA GAS CO,Playa Del Rey,Intra,88718,33.96272,-118.43803,CA,California,LOS ANGELES,559845,2.4,4.46,6.86,4,4.03,INITIAL,3/15/2018,3/15/2018
3/1/2022,2017,20180602,1026,18508,SOUTHERN INDIANA GAS & ELECTRIC CO,Midway Storage Field,Intra,88189,37.99393,-87.15663,IN,Indiana,SPENCER,472745,1.2,2.41,3.61,0.65,0.85,SUPPLEMENTAL,3/13/2018,1/22/2019
3/1/2022,2017,20180602,1026,18508,SOUTHERN INDIANA GAS & ELECTRIC CO,Monroe Storage Field,Intra,89196,38.59946,-87.3703,IN,Indiana,KNOX,481899,4.43,1,5.43,0.83,0.78,SUPPLEMENTAL,3/13/2018,1/22/2019
3/1/2022,2017,20180602,1026,18508,SOUTHERN INDIANA GAS & ELECTRIC CO,Oliver Storage Field,Intra,88190,38.02658,-87.82156,IN,Indiana,POSEY,523975,1.4,1.81,3.21,0.83,1.04,SUPPLEMENTAL,3/13/2018,1/22/2019
3/1/2022,2017,20180562,864,18516,SOUTHERN NATURAL GAS CO,Muldon,Inter,88191,33.70512,-88.66081,MS,Mississippi,MONROE,492967,36,92.82,128.82,23.69,23.31,SUPPLEMENTAL,3/9/2018,6/20/2018
3/1/2022,2017,20180644,644,19125,TEAVEE OIL & GAS INC,Teavee Oil and Gas Storage Field,Intra,88192,38.45439,-82.05104,WV,West Virginia,PUTNAM,5825,0.07,0.14,0.21,0.05,0.06,INITIAL,3/15/2018,3/15/2018
3/1/2022,2017,20180586,586,19160,TENNESSEE GAS PIPELINE COMPANY,Hebron,Inter,88193,41.8514,-77.9993,PA,Pennsylvania,POTTER,313512,17.3,12,29.3,16.15,15.37,INITIAL,3/12/2018,3/12/2018
3/1/2022,2017,20180321,341,19235,"TEXAS EASTERN TRANSMISSION, LP (SPECTRA ENERGY PARTNERS, LP)",Accident,Inter,87286,39.63926,-79.33901,MD,Maryland,GARRETT,2210,18.3,45.7,64,16.58,17.82,INITIAL,3/1/2018,3/1/2018
3/1/2022,2017,20180521,521,19270,"TEXAS GAS TRANSMISSION, LLC",Alford Storage Field,Inter,87255,38.51147,-87.21692,IN,Indiana,PIKE,009557,0.91,1.6,2.51,0.59,0.54,INITIAL,3/8/2018,3/8/2018
3/1/2022,2017,20180521,521,19270,"TEXAS GAS TRANSMISSION, LLC",Dixie Storage Field,Inter,87271,37.67125,-87.67992,KY,Kentucky,HENDERSON,193812,3.01,4.68,7.69,2.49,1.7,INITIAL,3/8/2018,3/8/2018
3/1/2022,2017,20180521,521,19270,"TEXAS GAS TRANSMISSION, LLC",Graham Lake Storage Field,Inter,87272,37.25752,-87.25605,KY,Kentucky,MUHLENBERG,283842,1.3,2.5,3.8,0.14,0,INITIAL,3/8/2018,3/8/2018
3/1/2022,2017,20180521,521,19270,"TEXAS GAS TRANSMISSION, LLC",Hanson Storage Field,Inter,87273,37.41641,-87.41512,KY,Kentucky,HOPKINS,303692,5.59,6.5,12.09,5.01,3.57,INITIAL,3/8/2018,3/8/2018
3/1/2022,2017,20180521,521,19270,"TEXAS GAS TRANSMISSION, LLC",Leesville Storage Field,Inter,87256,38.84672,-86.31807,IN,Indiana,LAWRENCE,408220,1.79,2,3.79,3.8,0.92,INITIAL,3/8/2018,3/8/2018
3/1/2022,2017,20180521,521,19270,"TEXAS GAS TRANSMISSION, LLC",Midland Gas Storage Field,Inter,87274,37.28966,-87.29022,KY,Kentucky,MUHLENBERG,472280,65.18,71.14,136.32,52.64,39.8,INITIAL,3/8/2018,3/8/2018
3/1/2022,2017,20180521,521,19270,"TEXAS GAS TRANSMISSION, LLC",Oaktown Storage Field,Inter,87257,38.88412,-87.49382,IN,Indiana,KNOX,517999,0.3,0.75,1.05,0.22,0.15,INITIAL,3/8/2018,3/8/2018
3/1/2022,2017,20180521,521,19270,"TEXAS GAS TRANSMISSION, LLC",West Greenville Storage Field,Inter,87275,37.20443,-87.20439,KY,Kentucky,MUHLENBERG,289732,4.18,4.12,8.3,3.71,1.83,INITIAL,3/8/2018,3/8/2018
3/1/2022,2017,20180521,521,19270,"TEXAS GAS TRANSMISSION, LLC",Wilfred Storage Field,Inter,87258,39.19668,-87.34354,IN,Indiana,SULLIVAN,768942,1.98,2.81,4.79,1.08,1.01,INITIAL,3/8/2018,3/8/2018
3/1/2022,2017,20180001,1662,19570,TRANSCONTINENTAL GAS PIPE LINE COMPANY,Eminence Dome,Inter,88194,31.5963,-89.41918,MS,Mississippi,COVINGTON,223786,8.65,4.96,13.61,24.36,23.69,SUPPLEMENTAL,2/5/2018,9/15/2020
3/1/2022,2017,20180001,1662,19570,TRANSCONTINENTAL GAS PIPE LINE COMPANY,Washington Storage Field,Inter,87287,30.66947,-92.02113,LA,Louisiana,SAINT LANDRY,750240,75,45,120,27.35,31.36,SUPPLEMENTAL,2/5/2018,9/15/2020
3/1/2022,2017,20180403,2025,19730,TRUNKLINE GAS CO,Epps,Inter,87288,32.6176,-91.58361,LA,Louisiana,WEST CARROLL,123,12.93,29.85,42.78,10.4,8.9,SUPPLEMENTAL,3/4/2018,3/11/2021
3/1/2022,2017,20180613,982,22189,PUGET SOUND ENERGY,Jackson Prairie Storage Facility,Inter,88195,46.5352,-122.83619,WA,Washington,LEWIS,0,24.6,22.3,46.9,29.8,28.92,SUPPLEMENTAL,3/13/2018,11/20/2018
3/1/2022,2017,20180655,657,22476,ATMOS ENERGY CORPORATION - KY/MID-STATES (KENTUCKY),Bon Harbor,Intra,88196,37.79302,-87.17223,KY,Kentucky,DAVIESS,079544,0.78,1.3,2.08,0.2,0.25,INITIAL,3/15/2018,3/15/2018
3/1/2022,2017,20180655,657,22476,ATMOS ENERGY CORPORATION - KY/MID-STATES (KENTUCKY),Grandview,Intra,88197,37.69411,-86.92696,KY,Kentucky,DAVIESS,284927,0.31,0.35,0.66,0.15,0.15,INITIAL,3/15/2018,3/15/2018
3/1/2022,2017,20180655,657,22476,ATMOS ENERGY CORPORATION - KY/MID-STATES (KENTUCKY),Hickory School,Intra,88198,37.66557,-86.94039,KY,Kentucky,DAVIESS,320852,0.5,0.85,1.35,0.15,0.15,INITIAL,3/15/2018,3/15/2018
3/1/2022,2017,20180655,657,22476,ATMOS ENERGY CORPORATION - KY/MID-STATES (KENTUCKY),Kirkwood Springs,Intra,88199,37.26019,-87.72788,KY,Kentucky,HOPKINS,381788,0.25,0.4,0.65,0.46,0.45,INITIAL,3/15/2018,3/15/2018
3/1/2022,2017,20180655,657,22476,ATMOS ENERGY CORPORATION - KY/MID-STATES (KENTUCKY),St. Charles,Intra,88120,37.19855,-87.5676,KY,Kentucky,HOPKINS,673074,2.69,3.42,6.11,0.7,0.76,INITIAL,3/15/2018,3/15/2018
3/1/2022,2017,20180660,662,22655,"WBI ENERGY TRANSMISSION, INC.",Baker,Inter,85775,46.40016,-104.2626,MT,Montana,FALLON,035847,164.43,122.77,287.2,14.58,12.39,INITIAL,3/15/2018,3/15/2018
3/1/2022,2017,20180660,662,22655,"WBI ENERGY TRANSMISSION, INC.",Billy Creek,Inter,88201,44.12271,-106.73342,WY,Wyoming,JOHNSON,064880,0.54,2.4,2.94,0,0,INITIAL,3/15/2018,3/15/2018
3/1/2022,2017,20180660,662,22655,"WBI ENERGY TRANSMISSION, INC.",Elk Basin,Inter,88202,44.98298,-108.85931,WY,Wyoming,PARK,218981,28.38,34.83,63.21,10.39,8.26,INITIAL,3/15/2018,3/15/2018
3/1/2022,2017,20180607,607,26330,"ENABLE OKLAHOMA INTRASTATE TRANSMISSION, LLC",Stuart Storage Facility,Intra,88203,34.876,-96.12146,OK,Oklahoma,HUGHES,685505,6,6,12,2.29,2.35,INITIAL,3/13/2018,3/13/2018
3/1/2022,2017,20180607,607,26330,"ENABLE OKLAHOMA INTRASTATE TRANSMISSION, LLC",Wetumka,Intra,88204,35.13884,-96.16988,OK,Oklahoma,HUGHES,287314,18,7.87,25.87,22.11,21.12,INITIAL,3/13/2018,3/13/2018
3/1/2022,2017,20180421,421,30026,BAY GAS STORAGE CO. LTD.,Bay Gas Storage,Intra,88205,31.25613,-88.01368,AL,Alabama,WASHINGTON,460979,21.95,8.15,30.1,26.31,23.34,INITIAL,3/5/2018,3/5/2018
3/1/2022,2017,20180323,343,30028,"EGAN HUB STORAGE, LLC (SPECTRA ENERGY PARTNERS, LP)",Egan,Inter,87285,30.25931,-92.57269,LA,Louisiana,ACADIA,215648,24.23,7.3,31.53,72.01,65.79,INITIAL,3/1/2018,3/1/2018
3/1/2022,2017,20180402,402,30786,LEE 8 STORAGE PARTNERSHIP,Lee 8,Intra,88206,42.40079,-84.925,MI,Michigan,CALHOUN,025,3.16,0.6,3.76,2.37,2.3,INITIAL,3/4/2018,3/4/2018
3/1/2022,2017,20180326,823,30963,"SALTVILLE GAS STORAGE COMPANY, L.L.C. (SPECTRA ENERGY PARTNERS, LP)",Early Grove,Inter,88207,36.65131,-82.30082,VA,Virginia,WASHINGTON,211424,1.4,1.9,3.3,0.73,0.61,SUPPLEMENTAL,3/1/2018,6/15/2018
3/1/2022,2017,20180326,823,30963,"SALTVILLE GAS STORAGE COMPANY, L.L.C. (SPECTRA ENERGY PARTNERS, LP)",Saltville,Inter,88208,36.86194,-81.77137,VA,Virginia,WASHINGTON,15921,4,2.2,6.2,10.67,9.65,SUPPLEMENTAL,3/1/2018,6/15/2018
3/1/2022,2017,20180604,604,31130,DCP MIDSTREAM,Spindletop Storage,Intra,88209,30.02307,-94.0816,TX,Texas,JEFFERSON,245,14.52,8.54,23.06,1.98,2,INITIAL,3/13/2018,3/13/2018
3/1/2022,2017,20180061,61,31226,JEFFERSON ISLAND STORAGE AND HUB LLC,"Jefferson Island Storage and Hub, LLC",Intra,88210,29.98833,-91.99335,LA,Louisiana,VERMILION,113,5.73,2.03,7.76,5.85,4.05,INITIAL,2/9/2018,2/9/2018
3/1/2022,2017,20180645,645,31286,"ONEOK GAS TRANSPORTATION, LLC",Depew Storage Facility,Intra,88211,35.74619,-96.51078,OK,Oklahoma,CREEK,188952,22.15,34.15,56.3,18.77,14.45,INITIAL,3/15/2018,3/15/2018
3/1/2022,2017,20180645,645,31286,"ONEOK GAS TRANSPORTATION, LLC",Edmond Storage Facility,Intra,88212,35.74914,-97.67493,OK,Oklahoma,KINGFISHER,214586,21.38,25.37,46.75,16.21,14.29,INITIAL,3/15/2018,3/15/2018
3/1/2022,2017,20180645,645,31286,"ONEOK GAS TRANSPORTATION, LLC",Haskell Storage Facility,Intra,88213,35.75528,-95.72833,OK,Oklahoma,MUSKOGEE,309272,7.59,5.61,13.2,2.09,0.2,INITIAL,3/15/2018,3/15/2018
3/1/2022,2017,20180645,645,31286,"ONEOK GAS TRANSPORTATION, LLC",Osage Storage Facility,Intra,88214,36.18031,-96.02497,OK,Oklahoma,OSAGE,529036,1.55,1.23,2.78,0.52,0,INITIAL,3/15/2018,3/15/2018
3/1/2022,2017,20180632,632,31287,WILD GOOSE STORAGE LLC,Wild Goose,Intra,88717,39.348,-121.81706,CA,California,BUTTE,768136,75,11,86,35.26,31.21,INITIAL,3/14/2018,3/14/2018
3/1/2022,2017,20180325,345,31425,ENBRIDGE PIPELINES (TEXAS GATHERING) L.P.,Pickton,Intra,88215,32.99024,-95.36647,TX,Texas,HOPKINS,554962,16.04,3.96,20,0.02,0,INITIAL,3/1/2018,3/1/2018
3/1/2022,2017,20180546,546,31451,KINDER MORGAN TEXAS PIPELINE CO,North Dayton,Intra,88216,30.10523,-94.99317,TX,Texas,LIBERTY,183162,11,5.63,16.63,15.36,12.52,INITIAL,3/8/2018,3/8/2018
3/1/2022,2017,20180633,633,31528,"SALT PLAINS STORAGE, LLC",Salt Plains,Intra,88217,36.98635,-98.04907,OK,Oklahoma,GRANT,11248,15,7.27,22.27,3.18,2.51,INITIAL,3/14/2018,3/14/2018
3/1/2022,2017,20180647,647,31534,"ONEOK TEXAS GAS STORAGE, LLC",Felmac Storage Facility,Intra,88218,32.8991,-102.4579,TX,Texas,GAINES,238583,1.88,2.1,3.98,1.14,1.49,INITIAL,3/15/2018,3/15/2018
3/1/2022,2017,20180647,647,31534,"ONEOK TEXAS GAS STORAGE, LLC","Loop G.S.U. 9-28GC, 10-28GC, 11-28GC aka Salado Storage Facility",Intra,88219,32.8923,-102.462,TX,Texas,GAINES,426947,2.12,1.53,3.65,7.5,6.94,INITIAL,3/15/2018,3/15/2018
3/1/2022,2017,20180647,647,31534,"ONEOK TEXAS GAS STORAGE, LLC",Loop Storage Facility,Intra,88220,32.8997,-102.4594,TX,Texas,GAINES,426876,0,0.69,0.69,0.06,0,INITIAL,3/15/2018,3/15/2018
3/1/2022,2017,20180658,660,31604,EQT MIDSTREAM,Bunola,Inter,88221,40.23151,-79.91688,PA,Pennsylvania,ALLEGHENY,103446,3.79,3.51,7.3,5.95,5.38,INITIAL,3/15/2018,3/15/2018
3/1/2022,2017,20180658,660,31604,EQT MIDSTREAM,Comet,Inter,88222,39.31101,-80.17679,WV,West Virginia,TAYLOR,155941,3.28,2.02,5.3,2.2,2.49,INITIAL,3/15/2018,3/15/2018
3/1/2022,2017,20180658,660,31604,EQT MIDSTREAM,Finleyville,Inter,88223,40.25805,-79.96417,PA,Pennsylvania,WASHINGTON,241428,0.46,0.34,0.8,0.38,0.35,INITIAL,3/15/2018,3/15/2018
3/1/2022,2017,20180658,660,31604,EQT MIDSTREAM,Gamble-Hayden,Inter,88224,40.21609,-79.85625,PA,Pennsylvania,ALLEGHENY,263914,1.03,1.01,2.04,0.91,0.88,INITIAL,3/15/2018,3/15/2018
3/1/2022,2017,20180658,660,31604,EQT MIDSTREAM,Hayes,Inter,88225,39.52954,-80.45409,WV,West Virginia,MARION,311132,0.15,0.05,0.2,0,0,INITIAL,3/15/2018,3/15/2018
3/1/2022,2017,20180658,660,31604,EQT MIDSTREAM,Hunters Cave,Inter,88226,39.92457,-80.29333,PA,Pennsylvania,GREENE,339950,3.07,3.64,6.71,1.05,0.97,INITIAL,3/15/2018,3/15/2018
3/1/2022,2017,20180658,660,31604,EQT MIDSTREAM,Logansport,Inter,88227,39.5176,-80.43634,WV,West Virginia,MARION,423063,2.22,1.48,3.7,1.63,1.99,INITIAL,3/15/2018,3/15/2018
3/1/2022,2017,20180658,660,31604,EQT MIDSTREAM,Maple Lake,Inter,88228,39.29098,-80.19089,WV,West Virginia,TAYLOR,445487,0.98,1.42,2.4,0.81,0.6,INITIAL,3/15/2018,3/15/2018
3/1/2022,2017,20180658,660,31604,EQT MIDSTREAM,Mobley,Inter,88229,39.58672,-80.55809,WV,West Virginia,WETZEL,479915,4.65,2.75,7.4,5.37,6.37,INITIAL,3/15/2018,3/15/2018
3/1/2022,2017,20180658,660,31604,EQT MIDSTREAM,Pratt,Inter,88230,39.94842,-80.11035,PA,Pennsylvania,GREENE,571347,3.99,5.31,9.3,1.32,1.85,INITIAL,3/15/2018,3/15/2018
3/1/2022,2017,20180658,660,31604,EQT MIDSTREAM,Rager Mountain,Inter,88231,40.42137,-78.93785,PA,Pennsylvania,CAMBRIA,582872,7.87,3.74,11.61,7.7,6.98,INITIAL,3/15/2018,3/15/2018
3/1/2022,2017,20180658,660,31604,EQT MIDSTREAM,Rhodes,Inter,88232,38.95411,-80.48407,WV,West Virginia,LEWIS,597885,4.57,5.13,9.7,3.57,3.61,INITIAL,3/15/2018,3/15/2018
3/1/2022,2017,20180658,660,31604,EQT MIDSTREAM,Shirley,Inter,88233,39.37691,-80.79343,WV,West Virginia,TYLER,652900,1.9,1.9,3.8,1.21,1,INITIAL,3/15/2018,3/15/2018
3/1/2022,2017,20180658,660,31604,EQT MIDSTREAM,Skin Creek,Inter,88234,38.99393,-80.47136,WV,West Virginia,LEWIS,659635,1.13,1.04,2.17,0.57,0.89,INITIAL,3/15/2018,3/15/2018
3/1/2022,2017,20180658,660,31604,EQT MIDSTREAM,Swarts,Inter,88235,39.64487,-80.27014,WV,West Virginia,MONONGALIA,692023,1.35,1.26,2.61,0.9,0.85,INITIAL,3/15/2018,3/15/2018
3/1/2022,2017,20180658,660,31604,EQT MIDSTREAM,Tepe,Inter,88236,40.29127,-79.9256,PA,Pennsylvania,ALLEGHENY,701449,0.64,0.64,1.28,0.44,0.55,INITIAL,3/15/2018,3/15/2018
3/1/2022,2017,20180658,660,31604,EQT MIDSTREAM,Truittsburg,Inter,88237,41.06665,-79.28517,PA,Pennsylvania,CLARION,719222,1.63,1.15,2.78,2.23,2.61,INITIAL,3/15/2018,3/15/2018
3/1/2022,2017,20180658,660,31604,EQT MIDSTREAM,Webster,Inter,88238,40.16734,-79.81375,PA,Pennsylvania,WESTMORELAND,754542,0.65,0.33,0.98,0.3,0.27,INITIAL,3/15/2018,3/15/2018
3/1/2022,2017,20180441,441,31618,ENTERPRISE PRODUCTS OPERATING LLC,Wilson Gas Storage,Intra,88239,29.29126,-95.93696,TX,Texas,WHARTON,481,12.99,6.52,19.51,17.89,15.64,INITIAL,3/5/2018,3/5/2018
3/1/2022,2017,20180461,461,31632,NORTHWESTERN CORPORATION,Box Elder Storage,Intra,88240,48.31383,-109.29058,MT,Montana,BLAINE,084938,2.9,5,7.9,0.24,0.53,INITIAL,3/5/2018,3/5/2018
3/1/2022,2017,20180461,461,31632,NORTHWESTERN CORPORATION,Cobb Storage,Intra,88241,48.58009,-112.08243,MT,Montana,TOOLE,150516,11.25,28.75,40,9.13,8.71,INITIAL,3/5/2018,3/5/2018
3/1/2022,2017,20180461,461,31632,NORTHWESTERN CORPORATION,Dry Creek Storage,Intra,88242,45.15019,-109.07588,MT,Montana,CARBON,203602,17.63,20.2,37.83,2.59,2.49,INITIAL,3/5/2018,3/5/2018
3/1/2022,2017,20180594,781,31687,"HILL-LAKE GAS STORAGE, LLC",HILL-LAKE STORAGE FIELD,Intra,88243,32.49542,-99.01178,TX,Texas,EASTLAND,133,9.03,5.47,14.5,15.88,15.45,SUPPLEMENTAL,3/12/2018,5/23/2018
3/1/2022,2017,20180630,630,31697,"LODI GAS STORAGE, LLC",KIRBY HILLS I,Intra,88716,38.15996,-121.90573,CA,California,SOLANO,381385,5.37,1.93,7.3,4.96,3.96,INITIAL,3/14/2018,3/14/2018
3/1/2022,2017,20180630,630,31697,"LODI GAS STORAGE, LLC",KIRBY HILLS II,Intra,88715,38.15996,-121.90573,CA,California,SOLANO,381416,10.18,2.52,12.7,8.27,4.63,INITIAL,3/14/2018,3/14/2018
3/1/2022,2017,20180630,630,31697,"LODI GAS STORAGE, LLC",LODI,Intra,88714,38.19739,-121.27042,CA,California,SAN JOAQUIN,422629,12.39,7.81,20.2,10.02,10.23,INITIAL,3/14/2018,3/14/2018
3/1/2022,2017,20180592,592,31705,KATY STORAGE & TRANSPORTATION LP,Enstor Katy,Intra,88244,29.7516,-95.80377,TX,Texas,FORT BEND,157,23.5,7.8,31.3,8.62,7.58,INITIAL,3/12/2018,3/12/2018
3/1/2022,2017,20180623,623,31711,"SOUTHERN STAR CENTRAL GAS PIPELINE, INC",Alden,Inter,87264,38.20688,-98.30461,KS,Kansas,RICE,008441,4.2,10.5,14.7,5.18,5.35,INITIAL,3/14/2018,3/14/2018
3/1/2022,2017,20180623,623,31711,"SOUTHERN STAR CENTRAL GAS PIPELINE, INC",Colony,Inter,87265,38.07441,-95.35482,KS,Kansas,ANDERSON,154670,4.6,8.1,12.7,4.15,4.07,INITIAL,3/14/2018,3/14/2018
3/1/2022,2017,20180623,623,31711,"SOUTHERN STAR CENTRAL GAS PIPELINE, INC",Elk City,Inter,87266,37.32728,-95.95334,KS,Kansas,MONTGOMERY,219074,11.8,21.5,33.3,11.15,10.61,INITIAL,3/14/2018,3/14/2018
3/1/2022,2017,20180623,623,31711,"SOUTHERN STAR CENTRAL GAS PIPELINE, INC",McLouth,Inter,87267,39.20739,-95.16234,KS,Kansas,LEAVENWORTH,457647,2.2,11.9,14.1,3.49,2.78,INITIAL,3/14/2018,3/14/2018
3/1/2022,2017,20180623,623,31711,"SOUTHERN STAR CENTRAL GAS PIPELINE, INC",North Welda,Inter,87268,38.1945,-95.31207,KS,Kansas,ANDERSON,154670,4.4,8.9,13.3,3.25,3.33,INITIAL,3/14/2018,3/14/2018
3/1/2022,2017,20180623,623,31711,"SOUTHERN STAR CENTRAL GAS PIPELINE, INC",Piqua,Inter,87270,37.90389,-95.51966,KS,Kansas,WOODSON,558155,0.3,2.9,3.2,0.12,0.17,INITIAL,3/14/2018,3/14/2018
3/1/2022,2017,20180623,623,31711,"SOUTHERN STAR CENTRAL GAS PIPELINE, INC",South Welda,Inter,87269,38.15544,-95.30668,KS,Kansas,ANDERSON,154670,6.7,11.6,18.3,5.72,5.76,INITIAL,3/14/2018,3/14/2018
3/1/2022,2017,20180623,623,31711,"SOUTHERN STAR CENTRAL GAS PIPELINE, INC",Webb,Inter,88249,36.85494,-97.48618,OK,Oklahoma,GRANT,753953,12.5,29.9,42.4,12.31,8.72,INITIAL,3/14/2018,3/14/2018
3/1/2022,2017,20180544,655,31727,"KINDER MORGAN KEYSTONE GAS STORAGE, LLC",Keystone Gas Storage,Intra,88245,31.97601,-102.95992,TX,Texas,WINKLER,377362,6.38,2.21,8.59,14.68,13.91,SUPPLEMENTAL,3/8/2018,3/15/2018
3/1/2022,2017,20180522,522,31728,"GULF SOUTH PIPELINE COMPANY, LP",Jackson Storage Field,Inter,88284,32.30337,-90.15179,MS,Mississippi,RANKIN,353006,5.8,1.93,7.73,9.89,8.71,INITIAL,3/8/2018,3/8/2018
3/1/2022,2017,20180522,522,31728,"GULF SOUTH PIPELINE COMPANY, LP",Lake Bistineau Gas Storage,Inter,87282,32.37822,-93.35957,LA,Louisiana,BIENVILLE,066895,85.75,55.25,141,40.3,36.41,INITIAL,3/8/2018,3/8/2018
3/1/2022,2017,20180522,522,31728,"GULF SOUTH PIPELINE COMPANY, LP",Petal Gas Storage,Inter,88285,31.37848,-89.26077,MS,Mississippi,FORREST,551938,26.88,14.76,41.64,46.07,40.34,INITIAL,3/8/2018,3/8/2018
3/1/2022,2017,20180656,658,31729,"ATMOS ENERGY CORPORATION - ATMOS PIPELINE AND STORAGE, LLC",Barnsley,Inter,88250,37.24974,-87.48941,KY,Kentucky,HOPKINS,040094,1.28,1.6,2.88,0.49,0.54,INITIAL,3/15/2018,3/15/2018
3/1/2022,2017,20180656,658,31729,"ATMOS ENERGY CORPORATION - ATMOS PIPELINE AND STORAGE, LLC",East Diamond,Intra,88251,37.2968,-87.43769,KY,Kentucky,HOPKINS,015820,2.16,1.64,3.8,0.63,0.9,INITIAL,3/15/2018,3/15/2018
3/1/2022,2017,20180603,1025,31784,OHIO VALLEY HUB LLC,White River Storage Field,Intra,88247,38.51013,-87.42455,IN,Indiana,PIKE,764757,0.73,0.07,0.8,0.26,0.02,SUPPLEMENTAL,3/13/2018,1/22/2019
3/1/2022,2017,20180361,1243,31890,WSP USA INC.,Spindletop,Intra,88248,30.13865,-94.41542,TX,Texas,JEFFERSON,245,11.1,0,11.1,5.73,9.86,SUPPLEMENTAL,3/1/2018,3/26/2019
3/1/2022,2017,20180609,609,31978,ATMOS PIPELINE - TEXAS,Bethel,Intra,88252,31.89096,-95.91298,TX,Texas,ANDERSON,58997,6.27,3,9.27,5.81,6.23,INITIAL,3/13/2018,3/13/2018
3/1/2022,2017,20180609,609,31978,ATMOS PIPELINE - TEXAS,LaPan,Intra,88253,33.73131,-98.19065,TX,Texas,CLAY,15230,3.43,1.07,4.5,0.84,0.6,INITIAL,3/13/2018,3/13/2018
3/1/2022,2017,20180609,609,31978,ATMOS PIPELINE - TEXAS,Lake Dallas,Intra,88254,33.19957,-97.07429,TX,Texas,DENTON,396106,2.96,1.32,4.28,0.95,0.99,INITIAL,3/13/2018,3/13/2018
3/1/2022,2017,20180609,609,31978,ATMOS PIPELINE - TEXAS,New York City,Intra,88255,33.71621,-98.19065,TX,Texas,CLAY,391797,5.65,2.08,7.73,1.93,1.8,INITIAL,3/13/2018,3/13/2018
3/1/2022,2017,20180609,609,31978,ATMOS PIPELINE - TEXAS,Tri-Cities,Intra,88256,32.13144,-95.9422,TX,Texas,HENDERSON,716897,27.84,8.41,36.25,8.5,7.36,INITIAL,3/13/2018,3/13/2018
3/1/2022,2017,20180741,962,31988,GALLAGHER DRILLING INC,Ellis Storage Field,Intra,88852,37.79406,-88.56503,IL,Illinois,SALINE,584236,0.45,0.32,0.77,0.11,0.11,INITIAL,10/15/2018,10/15/2018
3/1/2022,2017,20180629,629,32003,QEP MARKETING COMPANY,"Clear Creek Storage Company, LLC",Inter,88268,41.38328,-110.8424,WY,Wyoming,UINTA,041,4,4,8,1.52,1.48,INITIAL,3/14/2018,3/14/2018
3/1/2022,2017,20180583,583,32005,ENLINK LBU-GAS&LIQUIDS,Belle Rose Storage,Intra,88269,30.01464,-91.13656,LA,Louisiana,ASSUMPTION,007,7.41,4.51,11.92,14.49,18.13,INITIAL,3/12/2018,3/12/2018
3/1/2022,2017,20180583,583,32005,ENLINK LBU-GAS&LIQUIDS,Sorrento Storage,Intra,88270,30.16739,-90.78281,LA,Louisiana,ASCENSION,005,3.39,3.91,7.3,5.37,4.63,INITIAL,3/12/2018,3/12/2018
3/1/2022,2017,20180701,701,32034,"NGO TRANSMISSION, INC.",Muskie Storage,Inter,88271,40.03913,-82.05763,OH,Ohio,MUSKINGUM,002010,0.35,0.57,0.92,0.22,0.22,INITIAL,3/24/2018,3/24/2018
3/1/2022,2017,20180701,701,32034,"NGO TRANSMISSION, INC.",Perry Storage,Inter,88272,39.83173,-82.3655,OH,Ohio,PERRY,550800,1.08,1.72,2.8,0.97,0.98,INITIAL,3/24/2018,3/24/2018
3/1/2022,2017,20180701,701,32034,"NGO TRANSMISSION, INC.",Zane Storage,Inter,88273,39.87239,-82.00973,OH,Ohio,MUSKINGUM,790229,1.16,0.99,2.15,0.81,0.78,INITIAL,3/24/2018,3/24/2018
3/1/2022,2017,20180341,361,32099,ENERGY TRANSFER COMPANY,Bammel,Intra,88274,29.99311,-95.46437,TX,Texas,HARRIS,201,52.5,65.5,118,111,112.06,INITIAL,3/1/2018,3/1/2018
3/1/2022,2017,20180341,361,32099,ENERGY TRANSFER COMPANY,Bethel,Intra,88275,31.89324,-95.93578,TX,Texas,ANDERSON,001,7.72,5.03,12.75,16.49,16.07,INITIAL,3/1/2018,3/1/2018
3/1/2022,2017,20180341,361,32099,ENERGY TRANSFER COMPANY,Bryson,Intra,88276,33.11329,-98.40831,TX,Texas,JACK,137,5.96,3.48,9.44,4.38,3.93,INITIAL,3/1/2018,3/1/2018
3/1/2022,2017,20180621,621,32106,CENTURY ALUMINUM,East Slaughters,Intra,88277,37.49266,-87.45722,KY,Kentucky,HOPKINS,0,0.63,0.14,0.77,0.1,0.06,INITIAL,3/14/2018,3/14/2018
3/1/2022,2017,20180261,281,32206,"FREEPORT LNG DEVELOPMENT, L.P.","FLNG Storage, LLC",Intra,88278,29.03139,-95.34416,TX,Texas,BRAZORIA,0,4.5,4,8.5,0,0.01,INITIAL,2/26/2018,2/26/2018
3/1/2022,2017,20180646,646,32249,"BLUEWATER GAS STORAGE, LLC",Columbus 3,Inter,87524,42.90105,-82.67219,MI,Michigan,SAINT CLAIR,007797,24.83,6.17,31,14.78,15.75,INITIAL,3/15/2018,3/15/2018
3/1/2022,2017,20180646,646,32249,"BLUEWATER GAS STORAGE, LLC",Kimball 27,Inter,88280,42.92206,-82.55792,MI,Michigan,SAINT CLAIR,019987,3.05,0.46,3.51,1.31,1.15,INITIAL,3/15/2018,3/15/2018
3/1/2022,2017,20180611,611,32262,"PAA NATURAL GAS STORAGE, LLC",Pine Prairie Energy Center,Inter,87284,30.74792,-92.44405,LA,Louisiana,EVANGELINE,557070,56,15.8,71.8,131.59,129.55,INITIAL,3/13/2018,3/13/2018
3/1/2022,2017,20180611,611,32262,"PAA NATURAL GAS STORAGE, LLC",Southern Pines Energy Center,Inter,88279,31.22465,-88.7033,MS,Mississippi,GREENE,016660,40,11.2,51.2,41.73,36.37,INITIAL,3/13/2018,3/13/2018
3/1/2022,2017,20180595,782,32285,"WORSHAM-STEED GAS STORAGE, LLC",WORSHAM-STEED STORAGE FIELD,Intra,88281,33.09931,-98.07196,TX,Texas,JACK,237,26.21,14.49,40.7,45.54,42.7,SUPPLEMENTAL,3/12/2018,5/23/2018
3/1/2022,2017,20180648,648,32363,MID-CONTINENT MARKET CENTER,Brehm Storage Facility,Intra,88713,37.58807,-98.71578,KS,Kansas,PRATT,090720,1.99,1.9,3.89,0.69,0.92,INITIAL,3/15/2018,3/15/2018
3/1/2022,2017,20180648,648,32363,MID-CONTINENT MARKET CENTER,Konold Storage Facility,Intra,88712,37.6094,-98.6674,KS,Kansas,PRATT,001505,0.7,0.36,1.06,0.31,0.34,INITIAL,3/15/2018,3/15/2018
3/1/2022,2017,20180649,649,32374,"MONROE GAS STORAGE COMPANY, LLC","Monroe Gas Storage Company, LLC",Inter,88282,34.01385,-88.45776,MS,Mississippi,MONROE,0003100,7.4,5.8,13.2,22.95,21.48,INITIAL,3/15/2018,3/15/2018
3/1/2022,2017,20180327,347,32380,"STECKMAN RIDGE, LP (SPECTRA ENERGY PARTNERS, LP)",Steckman Ridge,Inter,88283,39.9183,-78.33312,PA,Pennsylvania,BEDFORD,17966,12,5.7,17.7,13.62,10.9,INITIAL,3/1/2018,3/1/2018
3/1/2022,2017,20180590,590,32393,"FREEBIRD GAS STORAGE, LLC",Freebird,Inter,87194,34.02444,-88.11083,AL,Alabama,LAMAR,075,11.2,2.3,13.5,4.99,4.37,INITIAL,3/12/2018,3/12/2018
3/1/2022,2017,20180589,589,32394,"CALEDONIA ENERGY PARTNERS, LLC",Caledonia,Inter,88286,33.69867,-88.31084,MS,Mississippi,LOWNDES,087,18.5,4.7,23.2,5.93,4.98,INITIAL,3/12/2018,3/12/2018
3/1/2022,2017,20180322,1066,32396,"BOBCAT GAS STORAGE (SPECTRA ENERGY PARTNERS, LP)",Bobcat,Inter,87277,30.54146,-91.91669,LA,Louisiana,SAINT LANDRY,566216,28.44,10.04,38.48,52.21,51.39,SUPPLEMENTAL,3/1/2018,2/13/2019
3/1/2022,2017,20180161,921,32405,"WYCKOFF GAS STORAGE COMPANY, LLC","Wyckoff Gas Storage Company, LLC",Intra,88287,42.11381,-77.58934,NY,New York,STEUBEN,101,3.44,3.53,6.97,1.24,0.71,SUPPLEMENTAL,2/16/2018,7/6/2018
3/1/2022,2017,20180650,650,32416,"ARCADIA GAS STORAGE, LLC","Arcadia Gas Storage, LLC",Intra,88288,32.52875,-92.91277,LA,Louisiana,BIENVILLE,0000270,16,2.55,18.55,45.84,43.16,INITIAL,3/15/2018,3/15/2018
3/1/2022,2017,20180591,591,32420,"GRAMA RIDGE STORAGE AND TRANSPORTATION, LLC",Enstor Grama,Intra,88289,32.42268,-103.46301,NM,New Mexico,LEA,025,15.7,4.8,20.5,2.87,1.73,INITIAL,3/12/2018,3/12/2018
3/1/2022,2017,20180181,181,32448,TRES PALACIOS GAS STORAGE LLC,Tres Palacios Gas Storage LLC,Inter,88290,29.00205,-96.82853,TX,Texas,MATAGORDA,447998,34.91,17.48,52.39,21.44,17.06,INITIAL,2/19/2018,2/19/2018
3/1/2022,2017,20180221,221,32452,LEAF RIVER ENERGY CENTER LLC,Leaf River Energy Center,Inter,88291,31.87301,-89.32551,MS,Mississippi,SMITH,504167,32.2,10.1,42.3,22.77,20.7,INITIAL,2/21/2018,2/21/2018
3/1/2022,2017,20180422,422,32504,"MISSISSIPPI HUB, LLC","Mississippi Hub, LLC",Inter,88292,31.78077,-89.76671,MS,Mississippi,SIMPSON,019038,23.22,9.33,32.55,22.64,20.06,INITIAL,3/5/2018,3/5/2018
3/1/2022,2017,20180062,62,32512,"GOLDEN TRIANGLE STORAGE, INC.",Golden Triangle Storage (GTS),Inter,88293,30.02393,-94.07764,TX,Texas,JEFFERSON,245,13.02,7.1,20.12,15.98,17.37,INITIAL,2/9/2018,2/9/2018
3/1/2022,2017,20180301,321,32513,AMEREN ILLINOIS COMPANY,Ashmore Storage Field,Intra,88711,39.50225,-88.01484,IL,Illinois,COLES,029,1.13,2.56,3.69,0.52,0.66,INITIAL,2/27/2018,2/27/2018
3/1/2022,2017,20180301,321,32513,AMEREN ILLINOIS COMPANY,Centralia Storage Field,Intra,88710,38.50816,-89.11243,IL,Illinois,MARION,121,0.14,0.49,0.63,0.09,0.1,INITIAL,2/27/2018,2/27/2018
3/1/2022,2017,20180301,321,32513,AMEREN ILLINOIS COMPANY,Eden Storage Field,Intra,88709,38.11099,-89.65356,IL,Illinois,RANDOLPH,157,0.39,1.01,1.4,0.22,0.23,INITIAL,2/27/2018,2/27/2018
3/1/2022,2017,20180301,321,32513,AMEREN ILLINOIS COMPANY,Freeburg Storage Field,Intra,88708,38.38096,-89.90802,IL,Illinois,SAINT CLAIR,163,1.9,5.04,6.94,1.35,1.26,INITIAL,2/27/2018,2/27/2018
3/1/2022,2017,20180301,321,32513,AMEREN ILLINOIS COMPANY,Glasford Storage Field,Intra,88707,40.60152,-89.78445,IL,Illinois,PEORIA,143,4.01,8.42,12.43,2.78,2.99,INITIAL,2/27/2018,2/27/2018
3/1/2022,2017,20180301,321,32513,AMEREN ILLINOIS COMPANY,Hillsboro Storage Field,Intra,88706,39.26021,-89.43954,IL,Illinois,MONTGOMERY,135,7.6,20.42,28.02,7.48,7.7,INITIAL,2/27/2018,2/27/2018
3/1/2022,2017,20180301,321,32513,AMEREN ILLINOIS COMPANY,Hookdale Storage Facility,Intra,88705,38.79435,-89.34868,IL,Illinois,BOND,005,0.72,0.31,1.03,0.58,0.56,INITIAL,2/27/2018,2/27/2018
3/1/2022,2017,20180301,321,32513,AMEREN ILLINOIS COMPANY,Johnston City Storage Field,Intra,88704,37.82636,-88.87235,IL,Illinois,WILLIAMSON,199,0.75,0.99,1.74,0.55,0.61,INITIAL,2/27/2018,2/27/2018
3/1/2022,2017,20180301,321,32513,AMEREN ILLINOIS COMPANY,Lincoln Storage Facility,Intra,88703,40.11532,-89.4626,IL,Illinois,LOGAN,107,4.16,8.07,12.23,4.01,3.97,INITIAL,2/27/2018,2/27/2018
3/1/2022,2017,20180301,321,32513,AMEREN ILLINOIS COMPANY,Sciota Storage Field,Intra,88702,40.54908,-90.78024,IL,Illinois,MCDONOUGH,109,0.5,4.71,5.21,0.44,0.49,INITIAL,2/27/2018,2/27/2018
3/1/2022,2017,20180301,321,32513,AMEREN ILLINOIS COMPANY,Shanghai Storage Field,Intra,88701,41.05004,-90.49023,IL,Illinois,WARREN,187,2.1,9.99,12.09,1.87,1.87,INITIAL,2/27/2018,2/27/2018
3/1/2022,2017,20180301,321,32513,AMEREN ILLINOIS COMPANY,Tilden Storage Field,Intra,88700,38.23278,-89.70403,IL,Illinois,SAINT CLAIR,163,0.87,1.83,2.7,0.79,0.78,INITIAL,2/27/2018,2/27/2018
3/1/2022,2017,20180614,614,32549,GILL RANCH STORAGE LLC,GILL RANCH STORAGE,Intra,88699,36.7922,-120.2544,CA,California,MADERA,272572,20,3.5,23.5,9.57,10.03,INITIAL,3/13/2018,3/13/2018
3/1/2022,2017,20180081,81,32603,"CENTRAL VALLEY GAS STORAGE, LLC",Central Valley Gas Storage (CVGS),Intra,88698,39.38628,-122.03145,CA,California,COLUSA,011,9.6,1.4,11,10.49,9.44,INITIAL,2/12/2018,2/12/2018
3/1/2022,2017,20180662,664,32645,"HILCORP ALASKA, LLC",Kenai Gas Field Pool 6,Inter,85774,60.47557,-151.22261,AK,Alaska,KENAI PENINSULA,85717545,17.5,15,32.5,3.8,8.49,INITIAL,3/15/2018,3/15/2018
3/1/2022,2017,20180662,664,32645,"HILCORP ALASKA, LLC",Pretty Creek Gas Storage,Inter,88294,61.26301,-150.89661,AK,Alaska,MATANUSKA SUSITNA,85717545,1,0.9,1.9,0.03,0.17,INITIAL,3/15/2018,3/15/2018
3/1/2022,2017,20180662,664,32645,"HILCORP ALASKA, LLC",Swanson River Gas Storage,Inter,88295,60.72404,-150.88582,AK,Alaska,KENAI PENINSULA,85717545,3.4,2.7,6.1,1.65,1.01,INITIAL,3/15/2018,3/15/2018
3/1/2022,2017,20180545,545,32655,"EAST CHEYENNE GAS STORAGE, LLC",EAST CHEYENNE GAS STORAGE,Inter,87220,40.94149,-103.22004,CO,Colorado,LOGAN,548072,13.34,14.76,28.1,11.49,12.63,INITIAL,3/8/2018,3/8/2018
3/1/2022,2017,20180635,635,32661,"RYCKMAN CREEK RESOURCES, LLC","Ryckman Creek Resources, LLC",Inter,88296,41.45479,-110.81047,WY,Wyoming,UINTA,041,35,18.04,53.04,17.83,16.53,INITIAL,3/14/2018,3/14/2018
3/1/2022,2017,20180651,651,38901,"PERRYVILLE GAS STORAGE, LLC",Perryville Gas Storage LLC,Inter,87283,32.29299,-91.62232,LA,Louisiana,FRANKLIN,0004360,12.7,3.8,16.5,10.16,10.89,INITIAL,3/15/2018,3/15/2018
3/1/2022,2017,20180582,862,38927,UGI ENERGY SERVICES,Meeker,Intra,88297,41.93632,-77.16482,PA,Pennsylvania,TIOGA,465622,3.7,1.5,5.2,1.09,1.89,SUPPLEMENTAL,3/12/2018,6/20/2018
3/1/2022,2017,20180582,862,38927,UGI ENERGY SERVICES,Tioga,Inter,88298,41.94189,-77.21743,PA,Pennsylvania,TIOGA,709091,0,0,0,0,0,SUPPLEMENTAL,3/12/2018,6/20/2018
3/1/2022,2017,20180652,652,38950,"CADEVILLE GAS STORAGE, LLC","Cadeville Gas Storage, LLC",Inter,87278,32.4128,-92.28489,LA,Louisiana,OUACHITA,0000605,17,4,21,6.63,5.11,INITIAL,3/15/2018,3/15/2018
3/1/2022,2017,20180524,524,39111,"SWG PIPELINE, L.L.C.",Lone Camp Storage Facility,Intra,88299,32.66981,-98.30068,TX,Texas,PALO PINTO,0,1.07,0.27,1.34,0.16,0.02,INITIAL,3/8/2018,3/8/2018
3/1/2022,2017,20180523,523,39210,"BOARDWALK STORAGE COMPANY, LLC",Bayou Choctaw Storage,Inter,88300,30.31179,-91.307,LA,Louisiana,IBERVILLE,045581,7.6,4.2,11.8,46.07,40.34,INITIAL,3/8/2018,3/8/2018
3/1/2022,2017,20180201,201,39368,CRESTWOOD MIDSTREAM PARTNERS LP,"Seneca Lake Gas Storage, LLC",Inter,88301,42.41576,-76.89726,NY,New York,SCHUYLER,644398,1.45,0.89,2.34,6.31,6.61,INITIAL,2/20/2018,2/20/2018
3/1/2022,2017,20180201,201,39368,CRESTWOOD MIDSTREAM PARTNERS LP,Stagecoach Gas Storage LLC,Inter,88302,42.02522,-76.25357,NY,New York,TIOGA,675523,26.35,5.55,31.9,12.66,16.72,INITIAL,2/20/2018,2/20/2018
3/1/2022,2017,20180201,201,39368,CRESTWOOD MIDSTREAM PARTNERS LP,Steuben Gas Storage,Inter,88303,42.23575,-77.51129,NY,New York,STEUBEN,4504,6.5,2.5,9,4.95,4.93,INITIAL,2/20/2018,2/20/2018
3/1/2022,2017,20180201,201,39368,CRESTWOOD MIDSTREAM PARTNERS LP,Thomas Corners Gas Storage LLC,Inter,88304,42.27744,-77.42416,NY,New York,STEUBEN,4504,7,3,10,4.43,5.47,INITIAL,2/20/2018,2/20/2018
3/1/2022,2017,20180657,659,39491,EQT PRODUCTION,Holbrook Storage Field,Intra,88305,39.88204,-80.31301,PA,Pennsylvania,GREENE,19100015,0.41,1.11,1.52,0,0,INITIAL,3/15/2018,3/15/2018
3/1/2022,2017,20180634,634,39660,COOK INLET NATURAL GAS STORAGE ALASKA,CINGSA,Intra,88306,60.54387,-151.21396,AK,Alaska,KENAI PENINSULA,117499,11,7,18,5.95,5.33,INITIAL,3/14/2018,3/14/2018
3/1/2022,2017,20180102,102,39667,"UNDERGROUND STORAGE, LLC",Pierce Junction Facility,Intra,88307,29.65588,-95.41284,TX,Texas,HARRIS,201,2.23,1.1,3.33,3.47,3.2,INITIAL,2/13/2018,2/13/2018
3/1/2022,2017,20180241,261,39668,"UNDERGROUND SERVICES MARKHAM, LLC","Underground Services Markham, LLC",Intra,88308,28.99314,-96.15486,TX,Texas,MATAGORDA,0,21.9,12.13,34.03,29.8,25.05,INITIAL,2/22/2018,2/22/2018
3/1/2022,2017,20180121,121,39672,LCRA - HILBIG,Hilbig Gas Storage Facility,Intra,88309,30.00258,-97.24391,TX,Texas,BASTROP,21,4,1.06,5.06,7.09,6.84,INITIAL,2/14/2018,2/14/2018
3/1/2022,2017,20180041,22,39697,GOLDEN GAS SERVICE COMPANY,West Alva B,Intra,88310,36.83051,-98.79108,OK,Oklahoma,WOODS,0,0.6,0.25,0.85,0.32,0.35,INITIAL,2/5/2018,2/5/2018
3/1/2022,2017,20180542,542,39760,"THE DOW CHEMICAL COMPANY, SDO",DW6,Intra,88311,29.04023,-95.35819,TX,Texas,BRAZORIA,039,0.93,1.21,2.14,0.5,0.59,INITIAL,3/8/2018,3/8/2018
3/1/2022,2017,20180681,681,39796,"CHEROKEE WELLS, LLC",Buffalo Gas Storage Field,Intra,88697,37.70341,-95.68666,KS,Kansas,WILSON,6525,0.18,0.18,0.36,0,0.15,INITIAL,3/22/2018,3/22/2018
3/1/2022,2017,20180681,681,39796,"CHEROKEE WELLS, LLC",Fredonia Gas Storage Field,Intra,88696,37.53256,-95.78271,KS,Kansas,WILSON,6525,0.16,0.16,0.32,0,0,INITIAL,3/22/2018,3/22/2018
,,,,,,,,,,,,,,,,,,,,,,
,,,,,,,,,,,,,,,,,,,,,,
,,,,,,,,,,,,,,,,,,,,,,
,,,,,,,,,,,,,,,,,,,,,,
,,,,,,,,,,,,,,,,,,,,,,
,,,,,,,,,,,,,,,,,,,,,,
,,,,,,,,,,,,,,,,,,,,,,
,,,,,,,,,,,,,,,,,,,,,,
,,,,,,,,,,,,,,,,,,,,,,
,,,,,,,,,,,,,,,,,,,,,,
,,,,,,,,,,,,,,,,,,,,,,
,,,,,,,,,,,,,,,,,,,,,,
,,,,,,,,,,,,,,,,,,,,,,
,,,,,,,,,,,,,,,,,,,,,,
,,,,,,,,,,,,,,,,,,,,,,
,,,,,,,,,,,,,,,,,,,,,,
,,,,,,,,,,,,,,,,,,,,,,
,,,,,,,,,,,,,,,,,,,,,,
,,,,,,,,,,,,,,,,,,,,,,
,,,,,,,,,,,,,,,,,,,,,,
,,,,,,,,,,,,,,,,,,,,,,
,,,,,,,,,,,,,,,,,,,,,,
,,,,,,,,,,,,,,,,,,,,,,
,,,,,,,,,,,,,,,,,,,,,,
,,,,,,,,,,,,,,,,,,,,,,
,,,,,,,,,,,,,,,,,,,,,,
,,,,,,,,,,,,,,,,,,,,,,
,,,,,,,,,,,,,,,,,,,,,,
,,,,,,,,,,,,,,,,,,,,,,
,,,,,,,,,,,,,,,,,,,,,,
,,,,,,,,,,,,,,,,,,,,,,
,,,,,,,,,,,,,,,,,,,,,,
,,,,,,,,,,,,,,,,,,,,,,
,,,,,,,,,,,,,,,,,,,,,,
,,,,,,,,,,,,,,,,,,,,,,
,,,,,,,,,,,,,,,,,,,,,,
,,,,,,,,,,,,,,,,,,,,,,
,,,,,,,,,,,,,,,,,,,,,,
,,,,,,,,,,,,,,,,,,,,,,
,,,,,,,,,,,,,,,,,,,,,,
,,,,,,,,,,,,,,,,,,,,,,
,,,,,,,,,,,,,,,,,,,,,,
,,,,,,,,,,,,,,,,,,,,,,
,,,,,,,,,,,,,,,,,,,,,,
,,,,,,,,,,,,,,,,,,,,,,
,,,,,,,,,,,,,,,,,,,,,,
