DATAFILE_AS_OF,REPORT_YEAR,REPORT_NUMBER,SUPPLEMENTAL_NUMBER,OPERATOR_ID,PARTA2NAMEOFCOMP,LNG_FACILITY_ID,FACILITY_NAME,PARTCECINC,PARTCECPPE,PARTCECSTANK,PARTCECOTHLOC,PARTCECTOTAL,PARTCICINC,PARTCICPPE,PARTCICSTANK,PARTCICOTHLOC,PARTCICTOTAL,PARTCNFDMGINC,PARTCNFDMGPPE,PARTCNFDMGSTANK,PARTCNFDMGOTHLOC,PARTCNFDMGTOTAL,PARTCEXDMGINC,PARTCEXDMGPPE,PARTCEXDMGSTANK,PARTCEXDMGOTHLOC,PARTCEXDMGTOTAL,PARTCOUTDMGINC,PARTCOUTDMGPPE,PARTCOUTDMGSTANK,PARTCOUTDMGOTHLOC,PARTCOUTDMGTOTAL,PARTCCIFINC,PARTCCIFPPE,PARTCCIFSTANK,PARTCCIFOTHLOC,PARTCCIFTOTAL,PARTCMFGINC,PARTCMFGIFPPE,PARTCMFGSTANK,PARTCMFGOTHLOC,PARTCMFGTOTAL,PARTCLOWTEMPINC,PARTCLOWTEMPPPE,PARTCLOWTEMPSTANK,PARTCLOWTEMPOTHLOC,PARTCLOWTEMPTOTAL,PARTCEQUIPFINC,PARTCEQUIPFPPE,PARTCEQUIPFSTANK,PARTCEQUIPFOTHLOC,PARTCEQUIPFTOTAL,PARTCINOPERINC,PARTCINOPERPPE,PARTCINOPERSTANK,PARTCINOPEROTHLOC,PARTCINOPERTOTAL,PARTCOCAUSEINC,PARTCOCAUSEPPE,PARTCOCAUSESTANK,PARTCOCAUSEOTHLOC,PARTCOCAUSETOTAL,PARTCINCTOTAL,PARTCPPETOTAL,PARTCSTANKTOTAL,PARTCOTHLOCTOTAL,PARTCTOTAL,REPORT_SUBMISSION_TYPE,REPORT_DATE,FILING_DATE,,,
03/01/22,2020,20210082,1158,180,SPIRE ALABAMA INC.,2645,EAST LAUDERDALE LNG FACILITY,0,0,0,0,0,0,0,0,0,0,0,0,0,0,0,0,0,0,0,0,0,0,0,0,0,0,0,0,0,0,0,0,0,0,0,0,0,0,0,0,0,0,0,0,0,0,0,0,0,0,0,0,0,0,0,0,0,0,0,,INITIAL,3/15/2021,3/15/2021,,,
03/01/22,2020,20210082,1158,180,SPIRE ALABAMA INC.,2646,COOSADA LNG FACILITY,0,0,0,0,0,0,0,0,0,0,0,0,0,0,0,0,0,0,0,0,0,0,0,0,0,0,0,0,0,0,0,0,0,0,0,0,0,0,0,0,0,0,0,0,0,0,0,0,0,0,0,0,0,0,0,0,0,0,0,,INITIAL,3/15/2021,3/15/2021,,,
03/01/22,2020,20210082,1158,180,SPIRE ALABAMA INC.,2647,PINSON LNG FACILITY,0,0,0,0,0,0,0,0,0,0,0,0,0,0,0,0,0,0,0,0,0,0,0,0,0,0,0,0,0,0,0,0,0,0,0,0,0,0,0,0,0,0,0,0,0,0,0,0,0,0,0,0,0,0,0,0,0,0,0,,INITIAL,3/15/2021,3/15/2021,,,
03/01/22,2020,20210082,1158,180,SPIRE ALABAMA INC.,2648,DOUBLE SPRINGS LNG FACILITY,0,0,0,0,0,0,0,0,0,0,0,0,0,0,0,0,0,0,0,0,0,0,0,0,0,0,0,0,0,0,0,0,0,0,0,0,0,0,0,0,0,0,0,0,0,0,0,0,0,0,0,0,0,0,0,0,0,0,0,,INITIAL,3/15/2021,3/15/2021,,,
03/01/22,2020,20210009,1081,792,ATLANTA GAS LIGHT CO,2483,CHEROKEE,0,0,0,0,0,0,0,0,0,0,0,0,0,0,0,0,0,0,0,0,0,0,0,0,0,0,0,0,0,0,0,0,0,0,0,0,0,0,0,0,0,0,0,0,0,0,0,0,0,0,0,0,0,0,0,0,0,0,0,,INITIAL,2/3/2021,2/3/2021,,,
03/01/22,2020,20210009,1081,792,ATLANTA GAS LIGHT CO,2484,MACON,0,0,0,0,0,0,0,0,0,0,0,0,0,0,0,0,0,0,0,0,0,0,0,0,0,0,0,0,0,0,0,0,0,0,0,0,0,0,0,0,0,0,0,0,0,0,0,0,0,0,0,0,0,0,0,0,0,0,0,,INITIAL,2/3/2021,2/3/2021,,,
03/01/22,2020,20210009,1081,792,ATLANTA GAS LIGHT CO,2485,RIVERDALE,0,0,0,0,0,0,0,0,0,0,0,0,0,0,0,0,0,0,0,0,0,0,0,0,0,0,0,0,0,0,0,0,0,0,0,0,0,0,0,0,0,0,0,0,0,0,0,0,0,0,0,0,0,0,0,0,0,0,0,,INITIAL,2/3/2021,2/3/2021,,,
03/01/22,2020,20210059,1133,1088,BALTIMORE GAS AND ELECTRIC COMPANY,2649,SPRING GARDENS,0,0,0,0,0,0,0,0,0,0,0,0,0,0,0,0,0,0,0,0,0,0,0,0,0,0,0,0,0,0,0,0,0,0,0,0,0,0,0,0,0,0,0,0,0,0,0,0,0,0,0,0,0,0,0,0,0,0,0,,INITIAL,3/10/2021,3/10/2021,,,
03/01/22,2020,20210076,1152,1344,BERKSHIRE GAS CO,2737,WHATELY LNG PLANT,0,0,0,0,0,0,0,0,0,0,0,0,0,0,0,0,0,0,0,0,0,0,0,0,0,0,0,0,0,0,0,0,0,0,0,0,0,0,0,0,0,0,0,0,0,0,0,0,0,0,0,0,0,0,0,0,0,0,0,,INITIAL,3/14/2021,3/14/2021,,,
03/01/22,2020,20210051,1125,1640,BOSTON GAS CO,2568,LYNN LNG PLANT,0,0,0,0,0,0,0,0,0,0,0,0,0,0,0,0,0,0,0,0,0,0,0,0,0,0,0,0,0,0,0,0,0,0,0,0,0,0,0,0,0,0,0,0,0,0,0,0,0,0,0,0,0,0,0,0,0,0,0,,INITIAL,3/9/2021,3/9/2021,,,
03/01/22,2020,20210051,1125,1640,BOSTON GAS CO,2569,SALEM LNG PLANT,0,0,0,0,0,0,0,0,0,0,0,0,0,0,0,0,0,0,0,0,0,0,0,0,0,0,0,0,0,0,0,0,0,0,0,0,0,0,0,0,0,0,0,0,0,0,0,0,0,0,0,0,0,0,0,0,0,0,0,,INITIAL,3/9/2021,3/9/2021,,,
03/01/22,2020,20210051,1125,1640,BOSTON GAS CO,2570,COMMERCIAL POINT DORCHESTER-MA,0,0,0,0,0,0,0,0,0,0,0,0,0,0,0,0,0,0,0,0,0,0,0,0,0,0,0,0,0,0,0,0,0,0,0,0,0,0,0,0,0,0,0,0,0,0,0,0,0,0,0,0,0,0,0,0,0,0,0,,INITIAL,3/9/2021,3/9/2021,,,
03/01/22,2020,20210051,1125,1640,BOSTON GAS CO,2574,LNG PLANT HAVERHILL- MA,0,0,0,0,0,0,0,0,0,0,0,0,0,0,0,0,0,0,0,0,0,0,0,0,0,0,0,0,0,0,0,0,0,0,0,0,0,0,0,0,0,0,0,0,0,0,0,0,0,0,0,0,0,0,0,0,0,0,0,,INITIAL,3/9/2021,3/9/2021,,,
03/01/22,2020,20210051,1125,1640,BOSTON GAS CO,2575,LNG PLANT WAREHAM-MA,0,0,0,0,0,0,0,0,0,0,0,0,0,0,0,0,0,0,0,0,0,0,0,0,0,0,0,0,0,0,0,0,0,0,0,0,0,0,0,0,0,0,0,0,0,0,0,0,0,0,0,0,0,0,0,0,0,0,0,,INITIAL,3/9/2021,3/9/2021,,,
03/01/22,2020,20210051,1125,1640,BOSTON GAS CO,2576,LNG PLANT SOUTH YARMOUTH-MA,0,0,0,0,0,0,0,0,0,0,0,0,0,0,0,0,0,0,0,0,0,0,0,0,0,0,0,0,0,0,0,0,0,0,0,0,0,0,0,0,0,0,0,0,0,0,0,0,0,0,0,0,0,0,0,0,0,0,0,,INITIAL,3/9/2021,3/9/2021,,,
03/01/22,2020,20210051,1125,1640,BOSTON GAS CO,2577,LNG PLANT TEWKSBURY-MA,0,0,0,0,0,0,0,0,0,0,0,0,0,0,0,0,0,0,0,0,0,0,0,0,0,0,0,0,0,0,0,0,0,0,0,0,0,0,0,0,0,0,0,0,0,0,0,0,0,0,0,0,0,0,0,0,0,0,0,,INITIAL,3/9/2021,3/9/2021,,,
03/01/22,2020,20210051,1125,1640,BOSTON GAS CO,2578,Portable vaporizer 26-19606,0,0,0,0,0,0,0,0,0,0,0,0,0,0,0,0,0,0,0,0,0,0,0,0,0,0,0,0,0,0,0,0,0,0,0,0,0,0,0,0,0,0,0,0,0,0,0,0,0,0,0,0,0,0,0,0,0,0,0,,INITIAL,3/9/2021,3/9/2021,,,
03/01/22,2020,20210051,1125,1640,BOSTON GAS CO,2579,Portable vaporizer 30-20077,0,0,0,0,0,0,0,0,0,0,0,0,0,0,0,0,0,0,0,0,0,0,0,0,0,0,0,0,0,0,0,0,0,0,0,0,0,0,0,0,0,0,0,0,0,0,0,0,0,0,0,0,0,0,0,0,0,0,0,,INITIAL,3/9/2021,3/9/2021,,,
03/01/22,2020,20210051,1125,1640,BOSTON GAS CO,2580,Portable vaporizer 60-18858,0,0,0,0,0,0,0,0,0,0,0,0,0,0,0,0,0,0,0,0,0,0,0,0,0,0,0,0,0,0,0,0,0,0,0,0,0,0,0,0,0,0,0,0,0,0,0,0,0,0,0,0,0,0,0,0,0,0,0,,INITIAL,3/9/2021,3/9/2021,,,
03/01/22,2020,20210051,1125,1640,BOSTON GAS CO,2581,Portable vaporizer 90-18850,0,0,0,0,0,0,0,0,0,0,0,0,0,0,0,0,0,0,0,0,0,0,0,0,0,0,0,0,0,0,0,0,0,0,0,0,0,0,0,0,0,0,0,0,0,0,0,0,0,0,0,0,0,0,0,0,0,0,0,,INITIAL,3/9/2021,3/9/2021,,,
03/01/22,2020,20210051,1125,1640,BOSTON GAS CO,2582,Portable vaporizer 200-19521,0,0,0,0,0,0,0,0,0,0,0,0,0,0,0,0,0,0,0,0,0,0,0,0,0,0,0,0,0,0,0,0,0,0,0,0,0,0,0,0,0,0,0,0,0,0,0,0,0,0,0,0,0,0,0,0,0,0,0,,INITIAL,3/9/2021,3/9/2021,,,
03/01/22,2020,20210051,1125,1640,BOSTON GAS CO,2583,Portable vaporizer 200-18859,0,0,0,0,0,0,0,0,0,0,0,0,0,0,0,0,0,0,0,0,0,0,0,0,0,0,0,0,0,0,0,0,0,0,0,0,0,0,0,0,0,0,0,0,0,0,0,0,0,0,0,0,0,0,0,0,0,0,0,,INITIAL,3/9/2021,3/9/2021,,,
03/01/22,2020,20210051,1125,1640,BOSTON GAS CO,2584,Portable vaporizer 250-20113,0,0,0,0,0,0,0,0,0,0,0,0,0,0,0,0,0,0,0,0,0,0,0,0,0,0,0,0,0,0,0,0,0,0,0,0,0,0,0,0,0,0,0,0,0,0,0,0,0,0,0,0,0,0,0,0,0,0,0,,INITIAL,3/9/2021,3/9/2021,,,
03/01/22,2020,20210051,1125,1640,BOSTON GAS CO,2585,Portable vaporizer 250-20114,0,0,0,0,0,0,0,0,0,0,0,0,0,0,0,0,0,0,0,0,0,0,0,0,0,0,0,0,0,0,0,0,0,0,0,0,0,0,0,0,0,0,0,0,0,0,0,0,0,0,0,0,0,0,0,0,0,0,0,,INITIAL,3/9/2021,3/9/2021,,,
03/01/22,2020,20210051,1125,1640,BOSTON GAS CO,2586,Portable vaporizer 250-Fontaine,0,0,0,0,0,0,0,0,0,0,0,0,0,0,0,0,0,0,0,0,0,0,0,0,0,0,0,0,0,0,0,0,0,0,0,0,0,0,0,0,0,0,0,0,0,0,0,0,0,0,0,0,0,0,0,0,0,0,0,,INITIAL,3/9/2021,3/9/2021,,,
03/01/22,2020,20210051,1125,1640,BOSTON GAS CO,2587,Portable vaporizer 250-Transcraft,0,0,0,0,0,0,0,0,0,0,0,0,0,0,0,0,0,0,0,0,0,0,0,0,0,0,0,0,0,0,0,0,0,0,0,0,0,0,0,0,0,0,0,0,0,0,0,0,0,0,0,0,0,0,0,0,0,0,0,,INITIAL,3/9/2021,3/9/2021,,,
03/01/22,2020,20210051,1125,1640,BOSTON GAS CO,2588,Portable vaporizer Ambient 120-1,0,0,0,0,0,0,0,0,0,0,0,0,0,0,0,0,0,0,0,0,0,0,0,0,0,0,0,0,0,0,0,0,0,0,0,0,0,0,0,0,0,0,0,0,0,0,0,0,0,0,0,0,0,0,0,0,0,0,0,,INITIAL,3/9/2021,3/9/2021,,,
03/01/22,2020,20210051,1125,1640,BOSTON GAS CO,2589,Portable vaporizer Ambient 120-2,0,0,0,0,0,0,0,0,0,0,0,0,0,0,0,0,0,0,0,0,0,0,0,0,0,0,0,0,0,0,0,0,0,0,0,0,0,0,0,0,0,0,0,0,0,0,0,0,0,0,0,0,0,0,0,0,0,0,0,,INITIAL,3/9/2021,3/9/2021,,,
03/01/22,2020,20210048,1122,1800,KEYSPAN ENERGY DELIVERY - NY CITY,2441,LNG PLANT GREENPOINT,0,0,0,0,0,0,0,0,0,0,0,0,0,0,0,0,0,0,0,0,0,0,0,0,0,0,0,0,0,0,0,0,0,0,0,0,0,0,0,0,0,0,0,0,0,0,0,0,0,0,0,0,0,0,0,0,0,0,0,,INITIAL,3/9/2021,3/9/2021,,,
03/01/22,2020,20210010,1082,2288,CHATTANOOGA GAS CO,2486,CHATTANOOGA,0,0,0,0,0,0,0,0,0,0,0,0,0,0,0,0,0,0,0,0,0,0,0,0,0,0,0,0,0,0,0,0,0,0,0,0,0,0,0,0,0,0,0,0,0,0,0,0,0,0,0,0,0,0,0,0,0,0,0,,INITIAL,2/3/2021,2/3/2021,,,
03/01/22,2020,20210052,1126,2616,"COLUMBIA GAS TRANSMISSION, LLC",2571,CHESAPEAKE LNG,0,0,0,0,0,0,0,0,0,0,0,0,0,0,0,0,0,0,0,0,0,0,0,0,0,0,0,0,0,0,0,0,0,0,0,0,0,0,0,0,0,0,0,0,0,0,0,0,0,0,0,0,0,0,0,0,0,0,0,,INITIAL,3/9/2021,3/9/2021,,,
03/01/22,2020,20210036,1110,2700,CONNECTICUT NATURAL GAS CORP,2641,"Rocky Hill, CT",0,0,0,0,0,0,0,0,0,0,0,0,0,0,0,0,0,0,0,0,0,0,0,0,0,0,0,0,0,0,0,0,0,0,0,0,0,0,0,0,0,0,0,0,0,0,0,0,0,0,0,0,0,0,0,0,0,0,0,,INITIAL,3/1/2021,3/1/2021,,,
03/01/22,2020,20210001,1072,2704,CONSOLIDATED EDISON CO OF NEW YORK,2341,ASTORIA,0,0,0,0,0,0,0,0,0,0,0,0,0,0,0,0,0,0,0,0,0,0,0,0,0,0,0,0,0,0,0,0,0,0,0,0,0,0,0,0,0,0,0,0,0,0,0,0,0,0,0,0,0,0,0,0,0,0,0,,INITIAL,1/4/2021,1/4/2021,,,
03/01/22,2020,20210047,1121,3240,DELMARVA POWER & LIGHT COMPANY,2653,DELMARVA POWER & LIGHT LNG PLANT,0,0,0,0,0,0,0,0,0,0,0,0,0,0,0,0,0,0,0,0,0,0,0,0,0,0,0,0,0,0,0,0,0,0,0,0,0,0,0,0,0,0,0,0,0,0,0,0,0,0,0,0,0,0,0,0,0,0,0,,INITIAL,3/8/2021,3/8/2021,,,
03/01/22,2020,20210063,1137,3411,DISTRIGAS OF MASSACHUSETTS LLC,2724,EVERETT MARINE TERMINAL,0,0,0,0,0,0,0,0,0,0,0,0,0,0,0,0,0,0,0,0,0,0,0,0,0,0,0,0,0,0,0,0,0,0,0,0,0,0,0,0,0,0,0,0,0,0,0,0,0,0,0,0,0,0,0,0,0,0,0,,INITIAL,3/11/2021,3/11/2021,,,
03/01/22,2020,20210030,1104,4070,"EAST TENNESSEE NATURAL GAS, LLC (SPECTRA ENERGY PARTNERS, LP)",2597,Kingsport LNG Plant,0,0,0,0,0,0,0,0,0,0,0,0,0,0,0,0,0,0,0,0,0,0,0,0,0,0,0,0,0,0,0,0,0,0,0,0,0,0,0,0,0,0,0,0,0,0,0,0,0,0,0,0,0,0,0,0,0,0,0,,INITIAL,2/26/2021,2/26/2021,,,
03/01/22,2020,20210014,1086,4350,ELIZABETHTOWN GAS CO,2491,ERIE ST PLANT,0,0,0,0,0,0,0,0,0,0,0,0,0,0,0,0,0,0,0,0,0,0,0,0,0,0,0,0,0,0,0,0,0,0,0,0,0,0,0,0,0,0,0,0,0,0,0,0,0,0,0,0,0,0,0,0,0,0,0,,INITIAL,2/3/2021,2/3/2021,,,
03/01/22,2020,20210011,1083,5200,FITCHBURG GAS & ELECTRIC LIGHT CO,2487,WESTMINSTER LNG FACILITY,0,0,0,0,0,0,0,0,0,0,0,0,0,0,0,0,0,0,0,0,0,0,0,0,0,0,0,0,0,0,0,0,0,0,0,0,0,0,0,0,0,0,0,0,0,0,0,0,0,0,0,0,0,0,0,0,0,0,0,,INITIAL,2/3/2021,2/3/2021,,,
03/01/22,2020,20210089,1166,6243,HAWAII GAS,2801,Hawaii Gas LNG Transfer System,0,0,0,0,0,0,0,0,0,0,0,0,0,0,0,0,0,0,0,0,0,0,0,0,0,0,0,0,0,0,0,0,0,0,0,0,0,0,0,0,0,0,0,0,0,0,0,0,0,0,0,0,0,0,0,0,0,0,0,,INITIAL,5/24/2021,5/24/2021,,,
03/01/22,2020,20210018,1090,6790,GREENVILLE UTILITIES COMMISSION,2529,LNG PLANT,0,0,0,0,0,0,0,0,0,0,0,0,0,0,0,0,0,0,0,0,0,0,0,0,0,0,0,0,0,0,0,0,0,0,0,0,0,0,0,0,0,0,0,0,0,0,0,0,0,0,0,0,0,0,0,0,0,0,0,,INITIAL,2/10/2021,2/10/2021,,,
03/01/22,2020,20210007,1078,7330,"HOLYOKE GAS & ELECTRIC DEPT, CITY OF",2401,MUELLER RD CONTROL CENTER,0,0,0,0,0,0,0,0,0,0,0,0,0,0,0,0,0,0,0,0,0,0,0,0,0,0,0,0,0,0,0,0,0,0,0,0,0,0,0,0,0,0,0,0,0,0,0,0,0,0,0,0,0,0,0,0,0,0,0,,INITIAL,1/26/2021,1/26/2021,,,
03/01/22,2020,20210032,1106,7351,HOPKINTON LNG CO,2382,ACUSHNET LNG,0,0,0,0,0,0,0,0,0,0,0,0,0,0,0,0,0,0,0,0,0,0,0,0,0,0,0,0,0,0,0,0,0,0,0,0,0,0,0,0,0,0,0,0,0,0,0,0,0,0,0,0,0,0,0,0,0,0,0,,INITIAL,3/1/2021,3/1/2021,,,
03/01/22,2020,20210032,1106,7351,HOPKINTON LNG CO,2383,HOPKINTON LNG,0,0,0,0,0,0,0,0,0,0,0,0,0,0,0,0,0,0,0,0,0,0,0,0,0,0,0,0,0,0,0,0,0,0,0,0,0,0,0,0,0,0,0,0,0,0,0,0,0,0,0,0,0,0,0,0,0,0,0,,INITIAL,3/1/2021,3/1/2021,,,
03/01/22,2020,20210020,1139,8160,INTERMOUNTAIN GAS CO,2704,NAMPA LNG PLANT,0,0,0,0,0,0,0,0,0,0,0,0,0,0,0,0,0,0,0,0,0,0,0,0,0,0,0,0,0,0,0,0,0,0,0,0,0,0,0,0,0,1,0,0,1,0,0,0,0,0,0,0,0,0,0,0,1,0,0,1,SUPPLEMENTAL,2/16/2021,3/11/2021,,,
03/01/22,2020,20210020,1139,8160,INTERMOUNTAIN GAS CO,2705,REXBURG SATELLITE LNG FACILITY,0,0,0,0,0,0,0,0,0,0,0,0,0,0,0,0,0,0,0,0,0,0,0,0,0,0,0,0,0,0,0,0,0,0,0,0,0,0,0,0,0,0,0,0,0,0,0,0,0,0,0,0,0,0,0,0,0,0,0,,SUPPLEMENTAL,2/16/2021,3/11/2021,,,
03/01/22,2020,20210049,1123,11713,KEYSPAN ENERGY DELIVERY - LONG ISLAND,2564,HOLTSVILLE LNG,0,0,0,0,0,0,0,0,0,0,0,0,0,0,0,0,0,0,0,0,0,0,0,0,0,0,0,0,0,0,0,0,0,0,0,0,0,0,0,0,0,0,0,0,0,0,0,0,0,0,0,0,0,0,0,0,0,0,0,,INITIAL,3/9/2021,3/9/2021,,,
03/01/22,2020,20210053,1169,12342,MEMPHIS LIGHT GAS & WATER DIVISION,2861,CAPLEVILLE LNG,0,0,0,0,0,0,0,0,0,0,0,0,0,0,0,0,0,0,0,0,0,0,0,0,0,0,0,0,0,0,0,0,0,0,0,0,0,0,0,0,0,0,0,0,0,0,0,0,0,0,0,0,0,0,0,0,0,0,0,,SUPPLEMENTAL,3/9/2021,8/12/2021,,,
03/01/22,2020,20210053,1169,12342,MEMPHIS LIGHT GAS & WATER DIVISION,2862,ARLINGTON LNG,0,0,0,0,0,0,0,0,0,0,0,0,0,0,0,0,0,0,0,0,0,0,0,0,0,0,0,0,0,0,0,0,0,0,0,0,0,0,0,0,0,0,0,0,0,0,0,0,0,0,0,0,0,0,0,0,0,0,0,,SUPPLEMENTAL,3/9/2021,8/12/2021,,,
03/01/22,2020,20210045,1119,12350,"CENTERPOINT ENERGY RESOURCES CORP., DBA CENTERPOINT ENERGY MINNESOTA GAS",2681,Ambient Portable,0,0,0,0,0,0,0,0,0,0,0,0,0,0,0,0,0,0,0,0,0,0,0,0,0,0,0,0,0,0,0,0,0,0,0,0,0,0,0,0,0,0,0,0,0,0,0,0,0,0,0,0,0,0,0,0,0,0,0,,INITIAL,3/5/2021,3/5/2021,,,
03/01/22,2020,20210045,1119,12350,"CENTERPOINT ENERGY RESOURCES CORP., DBA CENTERPOINT ENERGY MINNESOTA GAS",2682,DAKOTA STATION,0,0,0,0,0,0,0,0,0,0,0,0,0,0,0,0,0,0,0,0,0,0,0,0,0,0,0,0,0,0,0,0,0,0,0,0,0,0,0,0,0,0,0,0,0,0,0,0,0,0,0,0,0,0,0,0,0,0,0,,INITIAL,3/5/2021,3/5/2021,,,
03/01/22,2020,20210045,1119,12350,"CENTERPOINT ENERGY RESOURCES CORP., DBA CENTERPOINT ENERGY MINNESOTA GAS",2683,Waterbath Portable,0,0,0,0,0,0,0,0,0,0,0,0,0,0,0,0,0,0,0,0,0,0,0,0,0,0,0,0,0,0,0,0,0,0,0,0,0,0,0,0,0,0,0,0,0,0,0,0,0,0,0,0,0,0,0,0,0,0,0,,INITIAL,3/5/2021,3/5/2021,,,
03/01/22,2020,20210046,1120,12390,METROPOLITAN UTILITIES DISTRICT,2706,LIQUEFIED NATURAL GAS PLANT,0,0,0,0,0,0,0,0,0,0,0,0,0,0,0,0,0,0,0,0,0,0,0,0,0,0,0,0,0,0,0,0,0,0,0,0,0,0,0,0,0,0,0,0,0,0,0,0,0,0,0,0,0,0,0,0,0,0,0,,INITIAL,3/8/2021,3/8/2021,,,
03/01/22,2020,20210055,1129,12444,MIDDLEBOROUGH GAS & ELECTRIC DEPT,2714,VINE STREET LNG PLANT,0,0,0,0,0,0,0,0,0,0,0,0,0,0,0,0,0,0,0,0,0,0,0,0,0,0,0,0,0,0,0,0,0,0,0,0,0,0,0,0,0,0,0,0,0,0,0,0,0,0,0,0,0,0,0,0,0,0,0,,INITIAL,3/9/2021,3/9/2021,,,
03/01/22,2020,20210054,1128,12672,"MONROE NATURAL GAS DEPT, CITY OF",2707,City of Monroe,0,0,0,0,0,0,0,0,0,0,0,0,0,0,0,0,0,0,0,0,0,0,0,0,0,0,0,0,0,0,0,0,0,0,0,0,0,0,0,0,0,1,0,0,1,0,0,0,0,0,0,0,0,0,0,0,1,0,0,1,INITIAL,3/9/2021,3/9/2021,,,
03/01/22,2020,20210038,1112,13299,NEW JERSEY NATURAL GAS CO,2642,MANAHAWKIN LNG PLANT,0,0,0,0,0,0,0,0,0,0,0,0,0,0,0,0,0,0,0,0,0,0,0,0,0,0,0,0,0,0,0,0,0,0,0,0,0,0,0,0,0,0,0,0,0,0,0,0,0,0,0,0,0,0,0,0,0,0,0,,INITIAL,3/1/2021,3/1/2021,,,
03/01/22,2020,20210038,1112,13299,NEW JERSEY NATURAL GAS CO,2643,HOWELL LNG PLANT,0,0,0,0,0,0,0,0,0,0,0,0,0,0,0,0,0,0,0,0,0,0,0,0,0,0,0,0,0,0,0,0,0,0,0,0,0,0,0,0,0,0,0,0,0,0,0,0,0,0,0,0,0,0,0,0,0,0,0,,INITIAL,3/1/2021,3/1/2021,,,
03/01/22,2020,20210050,1140,13480,NIAGARA MOHAWK POWER CORP,2726,Exeter,0,0,0,0,0,0,0,0,0,0,0,0,0,0,0,0,0,0,0,0,0,0,0,0,0,0,0,0,0,0,0,0,0,0,0,0,0,0,0,0,0,0,0,0,0,0,0,0,0,0,0,0,0,0,0,0,0,0,0,,SUPPLEMENTAL,3/9/2021,3/11/2021,,,
03/01/22,2020,20210050,1140,13480,NIAGARA MOHAWK POWER CORP,2727,Cumberland,0,0,0,0,0,0,0,0,0,0,0,0,0,0,0,0,0,0,0,0,0,0,0,0,0,0,0,0,0,0,0,0,0,0,0,0,0,0,0,0,0,0,0,0,0,0,0,0,0,0,0,0,0,0,0,0,0,0,0,,SUPPLEMENTAL,3/9/2021,3/11/2021,,,
03/01/22,2020,20210050,1140,13480,NIAGARA MOHAWK POWER CORP,2728,Providence LNG Plant,0,0,0,0,0,0,0,0,0,0,0,0,0,0,0,0,0,0,0,0,0,0,0,0,0,0,0,0,0,0,0,0,0,0,0,0,0,0,0,0,0,0,0,0,0,0,0,0,0,0,0,0,0,0,0,0,0,0,0,,SUPPLEMENTAL,3/9/2021,3/11/2021,,,
03/01/22,2020,20210081,1157,13730,NORTHERN INDIANA PUBLIC SERVICE CO,2592,LAPORTE LNG PLANT,0,0,0,0,0,0,0,0,0,0,0,0,0,0,0,0,0,0,0,0,0,0,0,0,0,0,0,0,0,0,0,0,0,0,0,0,0,0,0,0,0,0,0,0,0,0,0,0,0,0,0,0,0,0,0,0,0,0,0,,INITIAL,3/15/2021,3/15/2021,,,
03/01/22,2020,20210081,1157,13730,NORTHERN INDIANA PUBLIC SERVICE CO,2593,KOKOMO LNG PLANT,0,0,0,0,0,0,0,0,0,0,0,0,0,0,0,0,0,0,0,0,0,0,0,0,0,0,0,0,0,0,0,0,0,0,0,0,0,0,0,0,0,0,0,0,0,0,0,0,0,0,0,0,0,0,0,0,0,0,0,,INITIAL,3/15/2021,3/15/2021,,,
03/01/22,2020,20210075,1151,13750,NORTHERN NATURAL GAS CO,2658,WRENSHALL LNG #1 PLANT,0,0,0,0,0,0,0,0,0,0,0,0,0,0,0,0,0,0,0,0,0,0,0,0,0,0,0,0,1,1,0,0,0,0,0,0,0,0,0,0,0,0,0,0,0,0,0,0,0,0,0,0,0,0,0,0,0,0,1,1,INITIAL,3/13/2021,3/13/2021,,,
03/01/22,2020,20210075,1151,13750,NORTHERN NATURAL GAS CO,2659,GARNER LNG PLANT,0,0,0,0,0,0,0,0,0,0,0,0,0,0,0,0,0,0,0,0,0,0,0,0,0,0,0,0,0,0,0,0,0,0,0,0,0,0,0,0,0,0,0,0,0,0,0,0,0,0,0,0,0,0,0,0,0,0,0,,INITIAL,3/13/2021,3/13/2021,,,
03/01/22,2020,20210066,1168,13783,NORTHERN STATES POWER CO OF WISCONSIN,2841,EAU CLAIRE,0,0,0,0,0,0,0,0,0,0,0,0,0,0,0,0,0,0,0,0,0,0,0,0,0,0,0,0,0,0,0,0,0,0,0,0,0,0,0,0,0,0,0,0,0,0,0,0,0,0,0,0,0,0,0,0,0,0,0,,SUPPLEMENTAL,3/11/2021,7/27/2021,,,
03/01/22,2020,20210012,1084,13795,NORTHERN UTILITIES INC (ME),2488,LEWISTON LNG PLANT,0,0,0,0,0,0,0,0,0,0,0,0,0,0,0,0,0,0,0,0,0,0,0,0,0,0,0,0,0,0,0,0,0,0,0,0,0,0,0,0,0,0,0,0,0,0,0,0,0,0,0,0,0,0,0,0,0,0,0,,INITIAL,2/3/2021,2/3/2021,,,
03/01/22,2020,20210031,1105,13840,NORTHWEST NATURAL GAS CO,2595,NEWPORT LNG PLANT,0,0,0,0,0,0,0,0,0,0,0,0,0,0,0,0,0,0,0,0,0,0,0,0,0,0,0,0,0,0,0,0,0,0,0,0,0,0,0,0,0,0,0,0,0,0,0,0,0,0,0,0,0,0,0,0,0,0,0,,INITIAL,2/26/2021,2/26/2021,,,
03/01/22,2020,20210031,1105,13840,NORTHWEST NATURAL GAS CO,2596,GASCO LNG PLANT,0,0,0,0,0,0,0,0,0,0,0,0,0,0,0,0,0,0,0,0,0,0,0,0,0,0,0,0,0,0,0,0,0,0,0,0,0,0,0,0,0,0,0,0,0,0,0,0,0,0,0,0,0,0,0,0,0,0,0,,INITIAL,2/26/2021,2/26/2021,,,
03/01/22,2020,20210044,1118,13860,"NORWICH DEPT OF PUBLIC UTILITIES, CITY OF",2669,INDUSTRIAL PARK LNG PLANT REGULATING STATION # 9,0,0,0,0,0,0,0,0,0,0,0,0,0,0,0,0,0,0,0,0,0,0,0,0,0,0,0,0,0,0,0,0,0,0,0,0,0,0,0,0,0,0,0,0,0,0,0,0,0,0,0,0,0,0,0,0,0,0,0,,INITIAL,3/4/2021,3/4/2021,,,
03/01/22,2020,20210028,1102,15007,PACIFIC GAS & ELECTRIC CO,2600,VAP-107,0,0,0,0,0,0,0,0,0,0,0,0,0,0,0,0,0,0,0,0,0,0,0,0,0,0,0,0,0,0,0,0,0,0,0,0,0,0,0,0,0,0,0,0,0,0,0,0,0,0,0,0,0,0,0,0,0,0,0,,INITIAL,2/25/2021,2/25/2021,,,
03/01/22,2020,20210028,1102,15007,PACIFIC GAS & ELECTRIC CO,2601,LNG-96-96,0,0,0,0,0,0,0,0,0,0,0,0,0,0,0,0,0,0,0,0,0,0,0,0,0,0,0,0,0,0,0,0,0,0,0,0,0,0,0,0,0,0,0,0,0,0,0,0,0,0,0,0,0,0,0,0,0,0,0,,INITIAL,2/25/2021,2/25/2021,,,
03/01/22,2020,20210028,1102,15007,PACIFIC GAS & ELECTRIC CO,2617,LNG-ORCA1,0,0,0,0,0,0,0,0,0,0,0,0,0,0,0,0,0,0,0,0,0,0,0,0,0,0,0,0,0,0,0,0,0,0,0,0,0,0,0,0,0,0,0,0,0,0,0,0,0,0,0,0,0,0,0,0,0,0,0,,INITIAL,2/25/2021,2/25/2021,,,
03/01/22,2020,20210028,1102,15007,PACIFIC GAS & ELECTRIC CO,2623,FDV-1801,0,0,0,0,0,0,0,0,0,0,0,0,0,0,0,0,0,0,0,0,0,0,0,0,0,0,0,0,0,0,0,0,0,0,0,0,0,0,0,0,0,0,0,0,0,0,0,0,0,0,0,0,0,0,0,0,0,0,0,,INITIAL,2/25/2021,2/25/2021,,,
03/01/22,2020,20210028,1102,15007,PACIFIC GAS & ELECTRIC CO,2624,FDV-1802,0,0,0,0,0,0,0,0,0,0,0,0,0,0,0,0,0,0,0,0,0,0,0,0,0,0,0,0,0,0,0,0,0,0,0,0,0,0,0,0,0,0,0,0,0,0,0,0,0,0,0,0,0,0,0,0,0,0,0,,INITIAL,2/25/2021,2/25/2021,,,
03/01/22,2020,20210067,1143,15033,PAIUTE PIPELINE CO,2492,H.G Laub LNG PLANT,0,0,0,0,0,0,0,0,0,0,0,0,0,0,0,0,0,0,0,0,0,0,0,0,0,0,0,0,0,0,0,0,0,0,0,0,0,0,0,0,0,0,0,0,0,0,0,0,0,0,0,0,0,0,0,0,0,0,0,,INITIAL,3/11/2021,3/11/2021,,,
03/01/22,2020,20210023,1096,15329,PEOPLES GAS LIGHT & COKE CO,2526,LNG PLANT,0,0,0,0,0,0,0,0,0,0,0,0,0,0,0,0,0,0,0,0,0,0,0,0,0,0,0,0,0,0,0,0,0,0,0,0,0,0,0,0,0,0,0,0,0,0,0,0,0,0,0,0,0,0,0,0,0,0,0,,INITIAL,2/18/2021,2/18/2021,,,
03/01/22,2020,20210016,1088,15359,BLACK HILLS ENERGY,2521,Estherville Iowa LNG,0,0,0,0,0,0,0,0,0,0,0,0,0,0,0,0,0,0,0,0,0,0,0,0,0,0,0,0,0,0,0,0,0,0,0,0,0,0,0,0,0,0,0,0,0,0,0,0,0,0,0,0,0,0,0,0,0,0,0,,INITIAL,2/8/2021,2/8/2021,,,
03/01/22,2020,20210016,1088,15359,BLACK HILLS ENERGY,2522,Ocheyedan,0,0,0,0,0,0,0,0,0,0,0,0,0,0,0,0,0,0,0,0,0,0,0,0,0,0,0,0,0,0,0,0,0,0,0,0,0,0,0,0,0,0,0,0,0,0,0,0,0,0,0,0,0,0,0,0,0,0,0,,INITIAL,2/8/2021,2/8/2021,,,
03/01/22,2020,20210029,1103,15462,PECO ENERGY CO,2625,West Conshohocken LNG Plant,0,0,0,0,0,0,0,0,0,0,0,0,0,0,0,0,0,0,0,0,0,0,0,0,0,0,0,0,0,0,0,0,0,0,0,0,0,0,0,0,0,0,0,0,0,0,0,0,0,0,0,0,0,0,0,0,0,0,0,,INITIAL,2/26/2021,2/26/2021,,,
03/01/22,2020,20210058,1132,15469,PHILADELPHIA GAS WORKS,2702,RICHMOND Plant,0,0,0,0,0,0,0,0,0,0,0,0,0,0,0,0,0,0,0,0,0,0,0,0,0,0,0,0,0,0,0,0,0,0,0,0,0,0,0,0,0,0,0,0,0,0,0,0,0,0,0,0,0,0,0,0,0,0,0,,INITIAL,3/10/2021,3/10/2021,,,
03/01/22,2020,20210058,1132,15469,PHILADELPHIA GAS WORKS,2703,PASSYUNK Plant,0,0,0,0,0,0,0,0,0,0,0,0,0,0,0,0,0,0,0,0,0,0,0,0,0,0,0,0,0,0,0,0,0,0,0,0,0,0,0,0,0,0,0,0,0,0,0,0,0,0,0,0,0,0,0,0,0,0,0,,INITIAL,3/10/2021,3/10/2021,,,
03/01/22,2020,20210034,1108,15518,PIEDMONT NATURAL GAS CO INC,2561,HUNTERSVILLE LNG PLANT,0,0,0,0,0,0,0,0,0,0,0,0,0,0,0,0,0,0,0,0,0,0,0,0,0,0,0,0,0,0,0,0,0,0,0,0,0,0,0,0,0,0,0,0,0,0,0,0,0,0,0,0,0,0,0,0,0,0,0,,INITIAL,3/1/2021,3/1/2021,,,
03/01/22,2020,20210034,1108,15518,PIEDMONT NATURAL GAS CO INC,2562,BENTONVILLE LNG PLANT,0,0,0,0,0,0,0,0,0,0,0,0,0,0,0,0,0,0,0,0,0,0,0,0,0,0,0,0,0,0,0,0,0,0,0,0,0,0,0,0,0,0,0,0,0,0,0,0,0,0,0,0,0,0,0,0,0,0,0,,INITIAL,3/1/2021,3/1/2021,,,
03/01/22,2020,20210034,1108,15518,PIEDMONT NATURAL GAS CO INC,2563,NASHVILLE  LNG PLANT,0,0,0,0,0,0,0,0,0,0,0,0,0,0,0,0,0,0,0,0,0,0,0,0,0,0,0,0,0,0,0,0,0,0,0,0,0,0,0,0,0,0,0,0,0,0,0,0,0,0,0,0,0,0,0,0,0,0,0,,INITIAL,3/1/2021,3/1/2021,,,
03/01/22,2020,20210025,1098,15938,PUBLIC SERVICE CO OF NORTH CAROLINA,2573,PSNC ENERGY LNG FACILITY,0,0,0,0,0,0,0,0,0,0,0,0,0,0,0,0,0,0,0,0,0,0,0,0,0,0,0,0,0,0,0,0,0,0,0,0,0,0,0,0,0,0,0,0,0,0,0,0,0,0,0,0,0,0,0,0,0,0,0,,INITIAL,2/23/2021,2/23/2021,,,
03/01/22,2020,20210039,1113,15952,PUBLIC SERVICE ELECTRIC & GAS CO,2598,BURLINGTON LNG,0,0,0,0,0,0,0,0,0,0,0,0,0,0,0,0,0,0,0,0,0,0,0,0,0,0,0,0,0,0,0,0,0,0,0,0,0,0,0,0,0,0,0,0,0,0,0,0,0,0,0,0,0,0,0,0,0,0,0,,INITIAL,3/2/2021,3/2/2021,,,
03/01/22,2020,20210057,1131,16667,ENERGY NORTH NATURAL GAS INC,2650,LNG PLANT MANCHESTER-NH,0,0,0,0,0,0,0,0,0,0,0,0,0,0,0,0,0,0,0,0,0,0,0,0,0,0,0,0,0,0,0,0,0,0,0,0,0,0,0,0,0,0,0,0,0,0,0,0,0,0,0,0,0,0,0,0,0,0,0,,INITIAL,3/10/2021,3/10/2021,,,
03/01/22,2020,20210057,1131,16667,ENERGY NORTH NATURAL GAS INC,2651,LNG PLANT CONCORD-NH,0,0,0,0,0,0,0,0,0,0,0,0,0,0,0,0,0,0,0,0,0,0,0,0,0,0,0,0,0,0,0,0,0,0,0,0,0,0,0,0,0,0,0,0,0,0,0,0,0,0,0,0,0,0,0,0,0,0,0,,INITIAL,3/10/2021,3/10/2021,,,
03/01/22,2020,20210057,1131,16667,ENERGY NORTH NATURAL GAS INC,2652,LNG PLANT TILTON-NH,0,0,0,0,0,0,0,0,0,0,0,0,0,0,0,0,0,0,0,0,0,0,0,0,0,0,0,0,0,0,0,0,0,0,0,0,0,0,0,0,0,0,0,0,0,0,0,0,0,0,0,0,0,0,0,0,0,0,0,,INITIAL,3/10/2021,3/10/2021,,,
03/01/22,2020,20210024,1097,17540,ROANOKE GAS CO,2572,LNG FACILITY,0,0,0,0,0,0,0,0,0,0,0,0,0,0,0,0,0,0,0,0,0,0,0,0,0,0,0,0,0,0,0,0,0,0,0,0,0,0,0,0,0,0,0,0,0,0,0,0,0,0,0,0,0,0,0,0,0,0,0,,INITIAL,2/23/2021,2/23/2021,,,
03/01/22,2020,20210006,1077,18112,SAN DIEGO GAS & ELECTRIC CO,2344,BORREGOLNG,0,0,0,0,0,0,0,0,0,0,0,0,0,0,0,0,0,0,0,0,0,0,0,0,0,0,0,0,0,0,0,0,0,0,0,0,0,0,0,0,0,0,0,0,0,0,0,0,0,0,0,0,0,0,0,0,0,0,0,,INITIAL,1/21/2021,1/21/2021,,,
03/01/22,2020,20210035,1109,18408,"DOMINION ENERGY SOUTH CAROLINA, INC.",2461,BUSHY PARK LNG,0,0,0,0,0,0,0,0,0,0,0,0,0,0,0,0,0,0,0,0,0,0,0,0,0,0,0,0,0,0,0,0,0,0,0,0,0,0,0,0,0,0,0,0,0,0,0,0,0,0,0,0,0,0,0,0,0,0,0,,INITIAL,3/1/2021,3/1/2021,,,
03/01/22,2020,20210035,1109,18408,"DOMINION ENERGY SOUTH CAROLINA, INC.",2462,SALLEY LNG,0,0,0,0,0,0,0,0,0,0,0,0,0,0,0,0,0,0,0,0,0,0,0,0,0,0,0,0,0,0,0,0,0,0,0,0,0,0,0,0,0,0,0,0,0,0,0,0,0,0,0,0,0,0,0,0,0,0,0,,INITIAL,3/1/2021,3/1/2021,,,
03/01/22,2020,20210013,1085,18440,SOUTH JERSEY GAS CO,2490,MCKEE CITY,0,0,0,0,0,0,0,0,0,0,0,0,0,0,0,0,0,0,0,0,0,0,0,0,0,0,0,0,0,0,0,0,0,0,0,0,0,0,0,0,0,0,0,0,0,0,0,0,0,0,0,0,0,0,0,0,0,0,0,,INITIAL,2/3/2021,2/3/2021,,,
03/01/22,2020,20210083,1159,18490,"SOUTHERN LNG, INC",2729,Southern LNG (Elba Island),0,0,0,0,0,0,0,0,0,0,0,0,0,0,0,0,0,0,0,0,0,0,0,0,0,0,0,0,0,0,0,0,0,0,0,0,0,0,0,0,0,1,0,0,1,0,0,0,0,0,0,0,0,0,0,0,1,0,0,1,INITIAL,3/15/2021,3/15/2021,,,
03/01/22,2020,20210083,1159,18490,"SOUTHERN LNG, INC",2730,SLNG - SLNG DELIVERY FOR ELBA FUEL,0,0,0,0,0,0,0,0,0,0,0,0,0,0,0,0,0,0,0,0,0,0,0,0,0,0,0,0,0,0,0,0,0,0,0,0,0,0,0,0,0,0,0,0,0,0,0,0,0,0,0,0,0,0,0,0,0,0,0,,INITIAL,3/15/2021,3/15/2021,,,
03/01/22,2020,20210062,1136,18536,SOUTHWEST GAS CORP,2528,Tucson LNG,0,0,0,0,0,0,0,0,0,0,0,0,0,0,0,0,0,0,0,0,0,0,0,0,0,0,0,0,0,0,0,0,0,0,0,0,0,0,0,0,0,0,0,0,0,0,0,0,0,0,0,0,0,0,0,0,0,0,0,,INITIAL,3/10/2021,3/10/2021,,,
03/01/22,2020,20210080,1156,19570,TRANSCONTINENTAL GAS PIPE LINE COMPANY,2739,STATION 240,0,0,0,0,0,0,0,0,0,0,0,0,0,0,0,0,0,0,0,0,0,0,0,0,0,0,0,0,0,0,0,0,0,0,0,0,0,0,0,0,0,3,0,0,3,0,0,0,0,0,0,0,0,0,0,0,3,0,0,3,INITIAL,3/14/2021,3/14/2021,,,
03/01/22,2020,20210068,1144,19733,"LAKE CHARLES LNG COMPANY, LLC",2542,"LAKE CHARLES LNG COMPANY, LLC",0,0,0,0,0,0,0,0,0,0,0,0,0,0,0,0,0,0,0,0,0,0,0,0,0,0,0,0,0,0,0,0,0,0,0,0,0,0,0,0,0,0,0,0,0,0,0,0,0,0,0,0,0,0,0,0,0,0,0,,INITIAL,3/11/2021,3/11/2021,,,
03/01/22,2020,20210072,1148,22189,PUGET SOUND ENERGY,2667,LNG Mobile System,0,0,0,0,0,0,0,0,0,0,0,0,0,0,0,0,0,0,0,0,0,0,0,0,0,0,0,0,0,0,0,0,0,0,0,0,0,0,0,0,0,0,0,0,0,0,0,0,0,0,0,0,0,0,0,0,0,0,0,,INITIAL,3/12/2021,3/12/2021,,,
03/01/22,2020,20210072,1148,22189,PUGET SOUND ENERGY,2668,GIG HARBOR SATELLITE,0,0,0,0,0,0,0,0,0,0,0,0,0,0,0,0,0,0,0,0,0,0,0,0,0,0,0,0,0,0,0,0,0,0,0,0,0,0,0,0,0,0,0,0,0,0,0,0,0,0,0,0,0,0,0,0,0,0,0,,INITIAL,3/12/2021,3/12/2021,,,
03/01/22,2020,20210042,1116,22763,WISCONSIN GAS LLC DBA WE ENERGIES,2591,RICE LAKE LNG PLANT,0,0,0,0,0,0,0,0,0,0,0,0,0,0,0,0,0,0,0,0,0,0,0,0,0,0,0,0,0,0,0,0,0,0,0,0,0,0,0,0,0,0,0,0,0,0,0,0,0,0,0,0,0,0,0,0,0,0,0,,INITIAL,3/3/2021,3/3/2021,,,
03/01/22,2020,20210041,1115,22777,WISCONSIN ELECTRIC POWER COMPANY DBA WE ENERGIES,2590,ELM RD LNG PLANT,0,0,0,0,0,0,0,0,0,0,0,0,0,0,0,0,0,0,0,0,0,0,0,0,0,0,0,0,0,0,0,0,0,0,0,0,0,0,0,0,0,0,0,0,0,0,0,0,0,0,0,0,0,0,0,0,0,0,0,,INITIAL,3/3/2021,3/3/2021,,,
03/01/22,2020,20210033,1107,24015,YANKEE GAS SERVICES CO,2384,Yankee Gas LNG,0,0,0,0,0,0,0,0,0,0,0,0,0,0,0,0,0,0,0,0,0,0,0,0,0,0,0,0,0,0,0,0,0,0,0,0,0,0,0,0,0,0,0,0,0,0,0,0,0,0,0,0,0,0,0,0,0,0,0,,INITIAL,3/1/2021,3/1/2021,,,
03/01/22,2020,20210022,1095,30750,MIDAMERICAN ENERGY COMPANY,2523,BET LNG PLANT,0,0,0,0,0,0,0,0,0,0,0,0,0,0,0,0,0,0,0,0,0,0,0,0,0,0,0,0,0,0,0,0,0,0,0,0,0,0,0,0,0,1,0,0,1,0,0,0,0,0,0,0,0,0,0,0,1,0,0,1,INITIAL,2/17/2021,2/17/2021,,,
03/01/22,2020,20210022,1095,30750,MIDAMERICAN ENERGY COMPANY,2524,DES MOINES LNG PLANT,0,0,0,0,0,0,0,0,0,0,0,0,0,0,0,0,0,0,0,0,0,0,0,0,0,0,0,0,0,0,0,0,0,0,0,0,0,0,0,0,0,1,0,0,1,0,0,0,0,0,0,0,0,0,0,0,1,0,0,1,INITIAL,2/17/2021,2/17/2021,,,
03/01/22,2020,20210022,1095,30750,MIDAMERICAN ENERGY COMPANY,2525,WAT LNG PLANT,0,0,0,0,0,0,0,0,0,0,0,0,0,0,0,0,0,0,0,0,0,0,0,0,0,0,0,0,0,0,0,0,0,0,0,0,0,0,0,0,0,0,0,0,0,0,0,0,0,0,0,0,0,0,0,0,0,0,0,,INITIAL,2/17/2021,2/17/2021,,,
03/01/22,2020,20210015,1087,31044,"LOWER VALLEY ENERGY, INC.",2501,AFTON LNG PLANT,0,0,0,0,0,0,0,0,0,0,0,0,0,0,0,0,0,0,0,0,0,0,0,0,0,0,0,0,0,0,0,0,0,0,0,0,0,0,0,0,0,0,0,0,0,0,0,0,0,0,0,0,0,0,0,0,0,0,0,,INITIAL,2/6/2021,2/6/2021,,,
03/01/22,2020,20210015,1087,31044,"LOWER VALLEY ENERGY, INC.",2502,JACKSON LNG PLANT,0,0,0,0,0,0,0,0,0,0,0,0,0,0,0,0,0,0,0,0,0,0,0,0,0,0,0,0,0,0,0,0,0,0,0,0,0,0,0,0,0,0,0,0,0,0,0,0,0,0,0,0,0,0,0,0,0,0,0,,INITIAL,2/6/2021,2/6/2021,,,
03/01/22,2020,20210064,1138,31178,XTO ENERGY INC,2725,Hawkins LNG,0,0,0,0,0,0,0,0,0,0,0,0,0,0,0,0,0,0,0,0,0,0,0,0,0,0,0,0,0,0,0,0,0,0,0,0,0,0,0,0,0,0,0,0,0,0,0,0,0,0,0,0,0,0,0,0,0,0,0,,INITIAL,3/11/2021,3/11/2021,,,
03/01/22,2020,20210026,1100,31191,ENERGY WEST MONTANA,2463,West Yellowstone,0,0,0,0,0,0,0,0,0,0,0,0,0,0,0,0,0,0,0,0,0,0,0,0,0,0,0,0,0,0,0,0,0,0,0,0,0,0,0,0,0,0,0,0,0,0,0,0,0,0,0,0,0,0,0,0,0,0,0,,INITIAL,2/25/2021,2/25/2021,,,
03/01/22,2020,20210002,1073,31337,"APPLIED LNG TECNOLOGIES USA, LLC",2342,Midlothian LNG,0,0,0,0,0,0,0,0,0,0,0,0,0,0,0,0,0,0,0,0,0,0,0,0,0,0,0,0,0,0,0,0,0,0,0,0,0,0,0,0,0,0,0,0,0,0,0,0,0,0,0,0,0,0,0,0,0,0,0,,INITIAL,1/5/2021,1/5/2021,,,
03/01/22,2020,20210002,1073,31337,"APPLIED LNG TECNOLOGIES USA, LLC",2343,NEEDLE MOUNTAIN LNG FACILITY,0,0,0,0,0,0,0,0,0,0,0,0,0,0,0,0,0,0,0,0,0,0,0,0,0,0,0,0,0,0,0,0,0,0,0,0,0,0,0,0,0,0,0,0,0,0,0,0,0,0,0,0,0,0,0,0,0,0,0,,INITIAL,1/5/2021,1/5/2021,,,
03/01/22,2020,20210037,1111,31421,TOTAL PEAKING SERVICES,2644,TOTAL PEAKING SERVICES LNG,0,0,0,0,0,0,0,0,0,0,0,0,0,0,0,0,0,0,0,0,0,0,0,0,0,0,0,0,0,0,0,0,0,0,0,0,0,0,0,0,0,0,0,0,0,0,0,0,0,0,0,0,0,0,0,0,0,0,0,,INITIAL,3/1/2021,3/1/2021,,,
03/01/22,2020,20210084,1160,31636,NORTHERN STATES POWER CO OF MINNESOTA,2709,WESCOTT,0,0,0,0,0,0,0,0,0,0,0,0,0,0,0,0,0,0,0,0,0,0,0,0,0,0,0,0,0,0,0,0,0,0,0,0,0,0,0,0,0,0,0,0,0,0,0,0,0,0,0,1,0,0,1,0,1,0,0,1,INITIAL,3/15/2021,3/15/2021,,,
03/01/22,2020,20210084,1160,31636,NORTHERN STATES POWER CO OF MINNESOTA,2711,Fargo Mobile/Temporary,0,0,0,0,0,0,0,0,0,0,0,0,0,0,0,0,0,0,0,0,0,0,0,0,0,0,0,0,0,0,0,0,0,0,0,0,0,0,0,0,0,0,0,0,0,0,0,0,0,0,0,0,0,0,0,0,0,0,0,,INITIAL,3/15/2021,3/15/2021,,,
03/01/22,2020,20210017,1091,31664,"COVE POINT LNG, LP",2541,Cove Point LNG,0,0,0,0,0,0,0,0,0,0,0,0,0,0,0,0,0,0,0,0,0,0,0,0,0,0,0,0,0,0,0,0,0,0,0,0,0,0,0,0,0,0,0,0,0,0,0,0,0,0,0,0,0,0,0,0,0,0,0,,SUPPLEMENTAL,2/10/2021,2/11/2021,,,
03/01/22,2020,20210005,1076,31770,LIBERTY UTILITIES (NEW ENGLAND NATURAL GAS COMPANY) CORP,2381,FALL RIVER LNG,0,0,0,0,0,0,0,0,0,0,0,0,0,0,0,0,0,0,0,0,0,0,0,0,0,0,0,0,0,0,0,0,0,0,0,0,0,0,0,0,0,0,0,0,0,0,0,0,0,0,0,0,0,0,0,0,0,0,0,,INITIAL,1/20/2021,1/20/2021,,,
03/01/22,2020,20210074,1150,32152,"SABINE PASS LNG, L.P. (Cheniere)",2735,Sabine Pass LNG Terminal,0,0,0,0,0,0,0,0,0,0,0,0,0,0,0,0,0,0,0,0,0,0,0,0,0,0,0,0,0,0,0,0,0,0,0,0,0,0,0,0,0,8,0,0,8,0,0,0,0,0,0,0,0,0,0,0,8,0,0,8,INITIAL,3/12/2021,3/12/2021,,,
03/01/22,2020,20210019,1092,32206,"FREEPORT LNG DEVELOPMENT, L.P.",2489,"Freeport LNG Development, L.P.",0,0,0,0,0,0,0,0,0,0,0,0,0,0,0,0,0,0,0,0,0,0,0,0,0,0,0,0,0,0,0,0,0,0,0,0,0,0,0,0,0,0,0,0,0,0,0,0,0,0,0,0,0,0,0,0,0,0,0,,INITIAL,2/11/2021,2/11/2021,,,
03/01/22,2020,20210021,1099,32214,"CAMERON LNG, LLC",2599,"Cameron LNG, LLC",0,0,0,0,0,0,0,0,0,0,0,0,0,0,0,0,0,0,0,0,0,0,0,0,0,0,0,0,0,0,0,0,0,0,0,0,0,0,0,0,0,11,2,0,13,0,0,0,0,0,0,0,0,0,0,0,11,2,0,13,SUPPLEMENTAL,2/16/2021,2/25/2021,,,
03/01/22,2020,20210043,1117,32220,GOLDEN PASS LNG TERMINAL LLC,2660,"Golden Pass LNG Terminal, LLC",0,0,0,0,0,0,0,0,0,0,0,0,0,0,0,0,0,0,0,0,0,0,0,0,0,0,0,0,0,0,0,0,0,0,0,0,0,0,0,0,0,0,0,0,0,0,0,0,0,0,0,0,0,0,0,0,0,0,0,,INITIAL,3/4/2021,3/4/2021,,,
03/01/22,2020,20210003,1074,32496,"DESERT GAS, LP.",2345,Desert Gas - Ehrenberg,0,0,0,0,0,0,0,0,0,0,0,0,0,0,0,0,0,0,0,0,0,0,0,0,0,0,0,0,0,0,0,0,0,0,0,0,0,0,0,0,0,0,0,0,0,0,0,0,0,0,0,0,0,0,0,0,0,0,0,,INITIAL,1/5/2021,1/5/2021,,,
03/01/22,2020,20210008,1080,32561,ECOELECTRICA L.P.,2482,"EcoElectrica,LP",0,0,0,0,0,0,0,0,0,0,0,0,0,0,0,0,0,0,0,0,0,0,0,0,0,0,0,0,0,0,0,0,0,0,0,0,0,0,0,0,0,0,0,0,0,0,0,0,0,0,0,0,0,0,0,0,0,0,0,,SUPPLEMENTAL,2/2/2021,2/2/2021,,,
03/01/22,2020,20210070,1146,32640,SOUTHERN GULF LNG COMPANY LLC,2733,Gulf LNG Energy,0,0,0,0,0,0,0,0,0,0,0,0,0,0,0,0,0,0,0,0,0,0,0,0,0,0,0,0,0,0,0,0,0,0,0,0,0,0,0,0,0,0,0,0,0,0,0,0,0,0,0,0,0,0,0,0,0,0,0,,INITIAL,3/12/2021,3/12/2021,,,
03/01/22,2020,20210060,1134,32648,PIVOTAL LNG INC.,2722,Trussville LNG,0,0,0,0,0,0,0,0,0,0,0,0,0,0,0,0,0,0,0,0,0,0,0,0,0,0,0,0,0,0,0,0,0,0,0,0,0,0,0,0,0,0,0,0,0,0,0,0,0,0,0,0,0,0,0,0,0,0,0,,INITIAL,3/10/2021,3/10/2021,,,
03/01/22,2020,20210078,1154,32684,"PINE NEEDLE OPERATING COMPANY,LLC",2738,"Pine Needle LNG Company,LLC",0,0,0,0,0,0,0,0,0,0,0,0,0,0,0,0,0,0,0,0,0,0,0,0,0,0,0,0,0,0,0,0,0,0,0,0,0,0,0,0,0,1,0,0,1,0,1,0,0,1,0,0,0,0,0,0,2,0,0,2,INITIAL,3/14/2021,3/14/2021,,,
03/01/22,2020,20210056,1130,38927,UGI ENERGY SERVICES,2715,Steelton LNG,0,0,0,0,0,0,0,0,0,0,0,0,0,0,0,0,0,0,0,0,0,0,0,0,0,0,0,0,0,0,0,0,0,0,0,0,0,0,0,0,0,0,0,0,0,0,0,0,0,0,0,0,0,0,0,0,0,0,0,,INITIAL,3/9/2021,3/9/2021,,,
03/01/22,2020,20210056,1130,38927,UGI ENERGY SERVICES,2716,Temple LNG Plant,0,0,0,0,0,0,0,0,0,0,0,0,0,0,0,0,0,0,0,0,0,0,0,0,0,0,0,0,0,0,0,0,0,0,0,0,0,0,0,0,0,0,0,0,0,0,0,0,0,0,0,0,0,0,0,0,0,0,0,,INITIAL,3/9/2021,3/9/2021,,,
03/01/22,2020,20210056,1130,38927,UGI ENERGY SERVICES,2717,Manning LNG Facility,0,0,0,0,0,0,0,0,0,0,0,0,0,0,0,0,0,0,0,0,0,0,0,0,0,0,0,0,0,0,0,0,0,0,0,0,0,0,0,0,0,0,0,0,0,0,0,0,0,0,0,0,0,0,0,0,0,0,0,,INITIAL,3/9/2021,3/9/2021,,,
03/01/22,2020,20210056,1130,38927,UGI ENERGY SERVICES,2718,Bethlehem LNG Facility,0,0,0,0,0,0,0,0,0,0,0,0,0,0,0,0,0,0,0,0,0,0,0,0,0,0,0,0,0,0,0,0,0,0,0,0,0,0,0,0,0,0,0,0,0,0,0,0,0,0,0,0,0,0,0,0,0,0,0,,INITIAL,3/9/2021,3/9/2021,,,
03/01/22,2020,20210004,1075,39053,"LNG INDY, LLC",2346,LNG North,0,0,0,0,0,0,0,0,0,0,0,0,0,0,0,0,0,0,0,0,0,0,0,0,0,0,0,0,0,0,0,0,0,0,0,0,0,0,0,0,0,0,0,0,0,0,0,0,0,0,0,0,0,0,0,0,0,0,0,,INITIAL,1/6/2021,1/6/2021,,,
03/01/22,2020,20210004,1075,39053,"LNG INDY, LLC",2347,LNG South,0,0,0,0,0,0,0,0,0,0,0,0,0,0,0,0,0,0,0,0,0,0,0,0,0,0,0,0,0,0,0,0,0,0,0,0,0,0,0,0,0,0,0,0,0,0,0,0,0,0,0,0,0,0,0,0,0,0,0,,INITIAL,1/6/2021,1/6/2021,,,
03/01/22,2020,20210079,1155,39054,WILLIAMS PARTNERS OPERATING LLC,2594,PLYMOUTH LNG,0,0,0,0,0,0,0,0,0,0,0,0,0,0,0,0,0,0,0,0,0,0,0,0,0,0,0,0,0,0,0,0,0,0,0,0,0,0,0,0,0,0,0,0,0,0,3,0,0,3,0,0,0,0,0,0,3,0,0,3,INITIAL,3/14/2021,3/14/2021,,,
03/01/22,2020,20210071,1147,39247,LNG HOLDINGS (FLORIDA) LLC,2734,Miami LNG,0,0,0,0,0,0,0,0,0,0,0,0,0,0,0,0,0,0,0,0,0,0,0,0,0,0,0,0,0,0,0,0,0,0,0,0,0,0,0,0,0,0,0,0,0,0,0,0,0,0,0,0,0,0,0,0,0,0,0,,INITIAL,3/12/2021,3/12/2021,,,
03/01/22,2020,20210040,1171,39257,INTERIOR GAS UTILITY,2921,Titan AK LNG,0,0,0,0,0,0,0,0,0,0,0,0,0,0,0,0,0,0,0,0,0,0,0,0,0,0,0,0,0,0,0,0,0,0,0,0,0,0,0,0,0,0,0,0,0,0,0,0,0,0,0,0,0,0,0,0,0,0,0,,SUPPLEMENTAL,3/2/2021,9/9/2021,,,
03/01/22,2020,20210040,1171,39257,INTERIOR GAS UTILITY,2922,STORAGE SITE 1,0,0,0,0,0,0,0,0,0,0,0,1,0,0,1,0,0,0,0,0,0,0,0,0,0,0,0,0,0,0,0,0,0,0,0,0,1,0,0,1,0,0,0,0,0,0,0,0,0,0,0,0,0,0,0,0,2,0,0,2,SUPPLEMENTAL,3/2/2021,9/9/2021,,,
03/01/22,2020,20210040,1171,39257,INTERIOR GAS UTILITY,2923,STORAGE SITE 2,0,0,0,0,0,0,0,0,0,0,0,2,0,0,2,0,0,0,0,0,0,0,0,0,0,0,0,0,0,0,0,0,0,0,0,0,0,0,0,0,0,0,0,0,0,0,0,0,0,0,0,0,0,0,0,0,2,0,0,2,SUPPLEMENTAL,3/2/2021,9/9/2021,,,
03/01/22,2020,20210040,1171,39257,INTERIOR GAS UTILITY,2924,STORAGE SITE 3,0,0,0,0,0,0,0,0,0,0,0,0,0,0,0,0,0,0,0,0,0,0,0,0,0,0,0,0,0,0,0,0,0,0,0,0,0,0,0,0,0,0,0,0,0,0,0,0,0,0,0,0,0,0,0,0,0,0,0,,SUPPLEMENTAL,3/2/2021,9/9/2021,,,
03/01/22,2020,20210061,1135,39335,JAX LNG LLC,2723,JAX LNG,0,0,0,0,0,0,0,0,0,0,0,0,0,0,0,0,0,0,0,0,0,0,0,0,0,0,0,0,0,0,0,0,0,0,0,0,0,0,0,0,0,0,0,0,0,0,0,0,0,0,0,0,0,0,0,0,0,0,0,,INITIAL,3/10/2021,3/10/2021,,,
03/01/22,2020,20210027,1101,39338,TESORO ALASKA COMPANY LLC,2361,Kenai LNG Facility,0,0,0,0,0,0,0,0,0,0,0,0,0,0,0,0,0,0,0,0,0,0,0,0,0,0,0,0,0,0,0,0,0,0,0,0,0,0,0,0,0,0,0,0,0,0,0,0,0,0,0,0,0,0,0,0,0,0,0,,INITIAL,2/25/2021,2/25/2021,,,
03/01/22,2020,20210073,1149,39425,EAGLE LNG PARTNERS JACKSONVILLE II LLC,2701,Maxville LNG,0,0,0,0,0,0,0,0,0,0,0,0,0,0,0,0,0,0,0,0,0,0,0,0,0,0,0,0,0,0,0,0,0,0,0,0,0,0,0,0,0,1,0,0,1,0,1,0,0,1,0,0,0,0,0,0,2,0,0,2,INITIAL,3/12/2021,3/12/2021,,,
03/01/22,2020,20210085,1161,39453,STABILIS ENERGY EAGLE FORD LNG,2741,Stabilis Energy Eagle LNG,0,0,0,0,0,0,0,0,0,0,0,0,0,0,0,0,0,0,0,0,0,0,0,0,0,0,0,0,0,0,0,0,0,0,0,0,0,0,0,0,0,0,0,0,0,0,0,0,0,0,0,0,0,0,0,0,0,0,0,,INITIAL,3/26/2021,3/26/2021,,,
03/01/22,2020,20210065,1141,39501,"CORPUS CHRISTI LIQUEFACTION, LLC",2731,"CORPUS CHRISTI LIQUEFACTION, LLC",0,0,0,0,0,0,0,0,0,0,0,0,0,0,0,0,0,0,0,0,0,0,0,0,0,0,0,0,0,0,0,0,0,0,0,0,0,0,0,0,0,7,0,0,7,0,0,0,0,0,0,0,0,0,0,0,7,0,0,7,INITIAL,3/11/2021,3/11/2021,,,
03/01/22,2020,20210088,1165,39547,CLEAN ENERGY TEXAS LNG,2782,Clean Energy Texas LNG,0,0,0,0,0,0,0,0,0,0,0,0,0,0,0,0,0,0,0,0,0,0,0,0,0,0,0,0,0,0,0,0,0,0,0,0,0,0,0,0,0,0,0,0,0,0,0,0,0,0,0,0,0,0,0,0,0,0,0,,SUPPLEMENTAL,4/9/2021,4/9/2021,,,
03/01/22,2020,20210069,1145,39549,"HR NU BLU ENERGY, LLC",2732,HR Nu Blu Energy,0,0,0,0,0,0,0,0,0,0,0,0,0,0,0,0,0,0,0,0,0,0,0,0,0,0,0,0,0,0,0,0,0,0,0,0,0,0,0,0,0,0,0,0,0,0,0,0,0,0,0,0,0,0,0,0,0,0,0,,INITIAL,3/12/2021,3/12/2021,,,
03/01/22,2020,20210087,1170,40151,ALKANE MIDSTREAM LLC,2881,Tioga Plant,0,0,0,0,0,0,0,0,0,0,0,0,0,0,0,0,0,0,0,0,0,0,0,0,0,0,0,0,0,0,0,0,0,0,0,0,0,0,0,0,0,0,0,0,0,0,0,0,0,0,0,0,0,0,0,0,0,0,0,,SUPPLEMENTAL,4/5/2021,8/22/2021,,,
03/01/22,2020,20210077,1153,40195,EVERSOURCE GAS COMPANY OF MASSACHUSETTS,2663,Marshfield LNG,0,0,0,0,0,0,0,0,0,0,0,0,0,0,0,0,0,0,0,0,0,0,0,0,0,0,0,0,0,0,0,0,0,0,0,0,0,0,0,0,0,0,0,0,0,0,0,0,0,0,0,0,0,0,0,0,0,0,0,,INITIAL,3/14/2021,3/14/2021,,,
03/01/22,2020,20210077,1153,40195,EVERSOURCE GAS COMPANY OF MASSACHUSETTS,2664,Lawrence LNG,0,0,0,0,0,0,0,0,0,0,0,0,0,0,0,0,0,0,0,0,0,0,0,0,0,0,0,0,0,0,0,0,0,0,0,0,0,0,0,0,0,0,0,0,0,0,0,0,0,0,0,0,0,0,0,0,0,0,0,,INITIAL,3/14/2021,3/14/2021,,,
,,,,,,,,,,,,,,,,,,,,,,,,,,,,,,,,,,,,,,,,,,,,,,,,,,,,,,,,,,,,,,,,,,,,,,,,,
,,,,,,,,,,,,,,,,,,,,,,,,,,,,,,,,,,,,,,,,,,,,,,,,,,,,,,,,,,,,,,,,,,,,,,,,,
,,,,,,,,,,,,,,,,,,,,,,,,,,,,,,,,,,,,,,,,,,,,,,,,,,,,,,,,,,,,,,,,,,,,,,,,,
,,,,,,,,,,,,,,,,,,,,,,,,,,,,,,,,,,,,,,,,,,,,,,,,,,,,,,,,,,,,,,,,,,,,,,,,,
,,,,,,,,,,,,,,,,,,,,,,,,,,,,,,,,,,,,,,,,,,,,,,,,,,,,,,,,,,,,,,,,,,,,,,,,,
,,,,,,,,,,,,,,,,,,,,,,,,,,,,,,,,,,,,,,,,,,,,,,,,,,,,,,,,,,,,,,,,,,,,,,,,,
,,,,,,,,,,,,,,,,,,,,,,,,,,,,,,,,,,,,,,,,,,,,,,,,,,,,,,,,,,,,,,,,,,,,,,,,,
,,,,,,,,,,,,,,,,,,,,,,,,,,,,,,,,,,,,,,,,,,,,,,,,,,,,,,,,,,,,,,,,,,,,,,,,,
,,,,,,,,,,,,,,,,,,,,,,,,,,,,,,,,,,,,,,,,,,,,,,,,,,,,,,,,,,,,,,,,,,,,,,,,,
,,,,,,,,,,,,,,,,,,,,,,,,,,,,,,,,,,,,,,,,,,,,,,,,,,,,,,,,,,,,,,,,,,,,,,,,,
,,,,,,,,,,,,,,,,,,,,,,,,,,,,,,,,,,,,,,,,,,,,,,,,,,,,,,,,,,,,,,,,,,,,,,,,,
,,,,,,,,,,,,,,,,,,,,,,,,,,,,,,,,,,,,,,,,,,,,,,,,,,,,,,,,,,,,,,,,,,,,,,,,,
,,,,,,,,,,,,,,,,,,,,,,,,,,,,,,,,,,,,,,,,,,,,,,,,,,,,,,,,,,,,,,,,,,,,,,,,,
,,,,,,,,,,,,,,,,,,,,,,,,,,,,,,,,,,,,,,,,,,,,,,,,,,,,,,,,,,,,,,,,,,,,,,,,,
,,,,,,,,,,,,,,,,,,,,,,,,,,,,,,,,,,,,,,,,,,,,,,,,,,,,,,,,,,,,,,,,,,,,,,,,,
,,,,,,,,,,,,,,,,,,,,,,,,,,,,,,,,,,,,,,,,,,,,,,,,,,,,,,,,,,,,,,,,,,,,,,,,,
,,,,,,,,,,,,,,,,,,,,,,,,,,,,,,,,,,,,,,,,,,,,,,,,,,,,,,,,,,,,,,,,,,,,,,,,,
,,,,,,,,,,,,,,,,,,,,,,,,,,,,,,,,,,,,,,,,,,,,,,,,,,,,,,,,,,,,,,,,,,,,,,,,,
,,,,,,,,,,,,,,,,,,,,,,,,,,,,,,,,,,,,,,,,,,,,,,,,,,,,,,,,,,,,,,,,,,,,,,,,,
,,,,,,,,,,,,,,,,,,,,,,,,,,,,,,,,,,,,,,,,,,,,,,,,,,,,,,,,,,,,,,,,,,,,,,,,,
,,,,,,,,,,,,,,,,,,,,,,,,,,,,,,,,,,,,,,,,,,,,,,,,,,,,,,,,,,,,,,,,,,,,,,,,,
,,,,,,,,,,,,,,,,,,,,,,,,,,,,,,,,,,,,,,,,,,,,,,,,,,,,,,,,,,,,,,,,,,,,,,,,,
,,,,,,,,,,,,,,,,,,,,,,,,,,,,,,,,,,,,,,,,,,,,,,,,,,,,,,,,,,,,,,,,,,,,,,,,,
,,,,,,,,,,,,,,,,,,,,,,,,,,,,,,,,,,,,,,,,,,,,,,,,,,,,,,,,,,,,,,,,,,,,,,,,,
,,,,,,,,,,,,,,,,,,,,,,,,,,,,,,,,,,,,,,,,,,,,,,,,,,,,,,,,,,,,,,,,,,,,,,,,,
,,,,,,,,,,,,,,,,,,,,,,,,,,,,,,,,,,,,,,,,,,,,,,,,,,,,,,,,,,,,,,,,,,,,,,,,,
,,,,,,,,,,,,,,,,,,,,,,,,,,,,,,,,,,,,,,,,,,,,,,,,,,,,,,,,,,,,,,,,,,,,,,,,,
,,,,,,,,,,,,,,,,,,,,,,,,,,,,,,,,,,,,,,,,,,,,,,,,,,,,,,,,,,,,,,,,,,,,,,,,,
,,,,,,,,,,,,,,,,,,,,,,,,,,,,,,,,,,,,,,,,,,,,,,,,,,,,,,,,,,,,,,,,,,,,,,,,,
,,,,,,,,,,,,,,,,,,,,,,,,,,,,,,,,,,,,,,,,,,,,,,,,,,,,,,,,,,,,,,,,,,,,,,,,,
,,,,,,,,,,,,,,,,,,,,,,,,,,,,,,,,,,,,,,,,,,,,,,,,,,,,,,,,,,,,,,,,,,,,,,,,,
,,,,,,,,,,,,,,,,,,,,,,,,,,,,,,,,,,,,,,,,,,,,,,,,,,,,,,,,,,,,,,,,,,,,,,,,,
,,,,,,,,,,,,,,,,,,,,,,,,,,,,,,,,,,,,,,,,,,,,,,,,,,,,,,,,,,,,,,,,,,,,,,,,,
,,,,,,,,,,,,,,,,,,,,,,,,,,,,,,,,,,,,,,,,,,,,,,,,,,,,,,,,,,,,,,,,,,,,,,,,,
,,,,,,,,,,,,,,,,,,,,,,,,,,,,,,,,,,,,,,,,,,,,,,,,,,,,,,,,,,,,,,,,,,,,,,,,,
,,,,,,,,,,,,,,,,,,,,,,,,,,,,,,,,,,,,,,,,,,,,,,,,,,,,,,,,,,,,,,,,,,,,,,,,,
,,,,,,,,,,,,,,,,,,,,,,,,,,,,,,,,,,,,,,,,,,,,,,,,,,,,,,,,,,,,,,,,,,,,,,,,,
,,,,,,,,,,,,,,,,,,,,,,,,,,,,,,,,,,,,,,,,,,,,,,,,,,,,,,,,,,,,,,,,,,,,,,,,,
,,,,,,,,,,,,,,,,,,,,,,,,,,,,,,,,,,,,,,,,,,,,,,,,,,,,,,,,,,,,,,,,,,,,,,,,,
,,,,,,,,,,,,,,,,,,,,,,,,,,,,,,,,,,,,,,,,,,,,,,,,,,,,,,,,,,,,,,,,,,,,,,,,,
,,,,,,,,,,,,,,,,,,,,,,,,,,,,,,,,,,,,,,,,,,,,,,,,,,,,,,,,,,,,,,,,,,,,,,,,,
,,,,,,,,,,,,,,,,,,,,,,,,,,,,,,,,,,,,,,,,,,,,,,,,,,,,,,,,,,,,,,,,,,,,,,,,,
,,,,,,,,,,,,,,,,,,,,,,,,,,,,,,,,,,,,,,,,,,,,,,,,,,,,,,,,,,,,,,,,,,,,,,,,,
,,,,,,,,,,,,,,,,,,,,,,,,,,,,,,,,,,,,,,,,,,,,,,,,,,,,,,,,,,,,,,,,,,,,,,,,,
,,,,,,,,,,,,,,,,,,,,,,,,,,,,,,,,,,,,,,,,,,,,,,,,,,,,,,,,,,,,,,,,,,,,,,,,,
,,,,,,,,,,,,,,,,,,,,,,,,,,,,,,,,,,,,,,,,,,,,,,,,,,,,,,,,,,,,,,,,,,,,,,,,,
,,,,,,,,,,,,,,,,,,,,,,,,,,,,,,,,,,,,,,,,,,,,,,,,,,,,,,,,,,,,,,,,,,,,,,,,,
,,,,,,,,,,,,,,,,,,,,,,,,,,,,,,,,,,,,,,,,,,,,,,,,,,,,,,,,,,,,,,,,,,,,,,,,,
,,,,,,,,,,,,,,,,,,,,,,,,,,,,,,,,,,,,,,,,,,,,,,,,,,,,,,,,,,,,,,,,,,,,,,,,,
,,,,,,,,,,,,,,,,,,,,,,,,,,,,,,,,,,,,,,,,,,,,,,,,,,,,,,,,,,,,,,,,,,,,,,,,,
,,,,,,,,,,,,,,,,,,,,,,,,,,,,,,,,,,,,,,,,,,,,,,,,,,,,,,,,,,,,,,,,,,,,,,,,,
,,,,,,,,,,,,,,,,,,,,,,,,,,,,,,,,,,,,,,,,,,,,,,,,,,,,,,,,,,,,,,,,,,,,,,,,,
,,,,,,,,,,,,,,,,,,,,,,,,,,,,,,,,,,,,,,,,,,,,,,,,,,,,,,,,,,,,,,,,,,,,,,,,,
,,,,,,,,,,,,,,,,,,,,,,,,,,,,,,,,,,,,,,,,,,,,,,,,,,,,,,,,,,,,,,,,,,,,,,,,,
,,,,,,,,,,,,,,,,,,,,,,,,,,,,,,,,,,,,,,,,,,,,,,,,,,,,,,,,,,,,,,,,,,,,,,,,,
,,,,,,,,,,,,,,,,,,,,,,,,,,,,,,,,,,,,,,,,,,,,,,,,,,,,,,,,,,,,,,,,,,,,,,,,,
,,,,,,,,,,,,,,,,,,,,,,,,,,,,,,,,,,,,,,,,,,,,,,,,,,,,,,,,,,,,,,,,,,,,,,,,,
,,,,,,,,,,,,,,,,,,,,,,,,,,,,,,,,,,,,,,,,,,,,,,,,,,,,,,,,,,,,,,,,,,,,,,,,,
,,,,,,,,,,,,,,,,,,,,,,,,,,,,,,,,,,,,,,,,,,,,,,,,,,,,,,,,,,,,,,,,,,,,,,,,,
,,,,,,,,,,,,,,,,,,,,,,,,,,,,,,,,,,,,,,,,,,,,,,,,,,,,,,,,,,,,,,,,,,,,,,,,,
,,,,,,,,,,,,,,,,,,,,,,,,,,,,,,,,,,,,,,,,,,,,,,,,,,,,,,,,,,,,,,,,,,,,,,,,,
,,,,,,,,,,,,,,,,,,,,,,,,,,,,,,,,,,,,,,,,,,,,,,,,,,,,,,,,,,,,,,,,,,,,,,,,,
,,,,,,,,,,,,,,,,,,,,,,,,,,,,,,,,,,,,,,,,,,,,,,,,,,,,,,,,,,,,,,,,,,,,,,,,,
,,,,,,,,,,,,,,,,,,,,,,,,,,,,,,,,,,,,,,,,,,,,,,,,,,,,,,,,,,,,,,,,,,,,,,,,,
,,,,,,,,,,,,,,,,,,,,,,,,,,,,,,,,,,,,,,,,,,,,,,,,,,,,,,,,,,,,,,,,,,,,,,,,,
,,,,,,,,,,,,,,,,,,,,,,,,,,,,,,,,,,,,,,,,,,,,,,,,,,,,,,,,,,,,,,,,,,,,,,,,,
,,,,,,,,,,,,,,,,,,,,,,,,,,,,,,,,,,,,,,,,,,,,,,,,,,,,,,,,,,,,,,,,,,,,,,,,,
,,,,,,,,,,,,,,,,,,,,,,,,,,,,,,,,,,,,,,,,,,,,,,,,,,,,,,,,,,,,,,,,,,,,,,,,,
,,,,,,,,,,,,,,,,,,,,,,,,,,,,,,,,,,,,,,,,,,,,,,,,,,,,,,,,,,,,,,,,,,,,,,,,,
,,,,,,,,,,,,,,,,,,,,,,,,,,,,,,,,,,,,,,,,,,,,,,,,,,,,,,,,,,,,,,,,,,,,,,,,,
,,,,,,,,,,,,,,,,,,,,,,,,,,,,,,,,,,,,,,,,,,,,,,,,,,,,,,,,,,,,,,,,,,,,,,,,,
,,,,,,,,,,,,,,,,,,,,,,,,,,,,,,,,,,,,,,,,,,,,,,,,,,,,,,,,,,,,,,,,,,,,,,,,,
,,,,,,,,,,,,,,,,,,,,,,,,,,,,,,,,,,,,,,,,,,,,,,,,,,,,,,,,,,,,,,,,,,,,,,,,,
,,,,,,,,,,,,,,,,,,,,,,,,,,,,,,,,,,,,,,,,,,,,,,,,,,,,,,,,,,,,,,,,,,,,,,,,,
,,,,,,,,,,,,,,,,,,,,,,,,,,,,,,,,,,,,,,,,,,,,,,,,,,,,,,,,,,,,,,,,,,,,,,,,,
