DATAFILE_AS_OF,REPORT_YEAR,REPORT_NUMBER,SUPPLEMENTAL_NUMBER,OPERATOR_ID,PARTA2NAMEOFCOMP,LNG_FACILITY_ID,FACILITY_NAME,UNIT_ID,NPMS_LNG_ID,FACILITY_STATE,FACILITY_ZIP_CODE,FACILITY_STATUS,IN_SERVICE_SINCE,LIQUEFACTION_RATE,NO_OF_VAPORIZERS,TOTAL_CAPACITY_MMCF,LNG_SOURCE,INTER_INTRA_STATE,NO_OF_LNG_TANKS,TOTAL_CAPACITY_BBLS,TYPE_OF_FACILITY,TYPE_OF_FACILITY_OTHER,FUNCTION_OF_FACILITY,FUNCTION_OF_FACILITY_OTHER,REPORT_SUBMISSION_TYPE,REPORT_DATE,FILING_DATE
03/01/22,2017,20180502,832,180,SPIRE ALABAMA INC.,1729,PINSON LNG FACILITY,89343,BG-LNG-01,AL,35215,In Service,10/15/1965,12,5,120,Liquefaction,Intrastate,2,350000,Peak Shaving,,Storage w/ Liquefaction,,INITIAL,3/15/2018,3/15/2018
03/01/22,2017,20180502,832,180,SPIRE ALABAMA INC.,1730,COOSADA LNG FACILITY,89340,MO-LNG-01,AL,36020,In Service,10/16/1972,2,3,80,Liquefaction,Intrastate,1,175000,Peak Shaving,,Storage w/ Liquefaction,,INITIAL,3/15/2018,3/15/2018
03/01/22,2017,20180502,832,180,SPIRE ALABAMA INC.,1731,EAST LAUDERDALE LNG FACILITY,89342,ELA-LNG-03,AL,35645,In Service,12/15/1995,0,4,2.988,Truck,Intrastate,2,1667,Satellite,,Storage w/o Liquefaction,,INITIAL,3/15/2018,3/15/2018
03/01/22,2017,20180502,832,180,SPIRE ALABAMA INC.,1732,DOUBLE SPRINGS LNG FACILITY,89341,,AL,35553,In Service,12/15/1995,0,2,0.768,Truck,Intrastate,1,357,Satellite,,Storage w/o Liquefaction,,INITIAL,3/15/2018,3/15/2018
03/01/22,2017,20180438,761,792,ATLANTA GAS LIGHT CO,1593,MACON,89345,1078,GA,31210,In Service,10/1/1977,10,2,150,Liquefaction,Intrastate,1,450000,Peak Shaving,,Storage w/ Liquefaction,,INITIAL,2/9/2018,2/9/2018
03/01/22,2017,20180438,761,792,ATLANTA GAS LIGHT CO,1594,CHEROKEE,89344,362,GA,30107,In Service,7/31/1988,10,6,624,Liquefaction,Intrastate,1,600000,Peak Shaving,,Storage w/ Liquefaction,,INITIAL,2/9/2018,2/9/2018
03/01/22,2017,20180438,761,792,ATLANTA GAS LIGHT CO,1595,RIVERDALE,89346,1069,GA,30274,In Service,6/28/1972,10,7,400,Liquefaction,Intrastate,2,740000,Peak Shaving,,Storage w/ Liquefaction,,INITIAL,2/9/2018,2/9/2018
03/01/22,2017,20180449,774,909,"AUSTELL NATURAL GAS SYSTEM, CITY OF",1622,AGS LNG PLANT,89347,777,GA,30106,In Service,6/22/1972,0,1,24,Truck,Intrastate,1,23300,Satellite,,Storage w/o Liquefaction,,INITIAL,2/19/2018,2/19/2018
03/01/22,2017,20180496,825,1088,BALTIMORE GAS AND ELECTRIC COMPANY,1628,SPRING GARDENS,89348,100402,MD,21230,In Service,3/1/1971,5.75,4,312,Liquefaction,Intrastate,3,290000,Peak Shaving,,Storage w/ Liquefaction,,INITIAL,3/14/2018,3/14/2018
03/01/22,2017,20180497,826,1209,COLUMBIA GAS OF MASSACHUSETTS,1685,EASTON LNG,89349,1002,MA,,In Service,5/16/1972,0,3,50,Truck,Intrastate,1,223000,Peak Shaving,,Storage w/o Liquefaction,,INITIAL,3/14/2018,3/14/2018
03/01/22,2017,20180497,826,1209,COLUMBIA GAS OF MASSACHUSETTS,1686,LAWRENCE LNG,89350,4001,MA,,In Service,1/1/1972,0,2,19,Truck,Intrastate,5,3589,Peak Shaving,,Storage w/o Liquefaction,,INITIAL,3/14/2018,3/14/2018
03/01/22,2017,20180497,826,1209,COLUMBIA GAS OF MASSACHUSETTS,1687,MARSHFIELD LNG,89352,1001,MA,,In Service,1/1/1973,0,1,13,Truck,Intrastate,2,3548,Peak Shaving,,Storage w/o Liquefaction,,INITIAL,3/14/2018,3/14/2018
03/01/22,2017,20180497,826,1209,COLUMBIA GAS OF MASSACHUSETTS,1688,LUDLOW LNG,89351,,MA,,In Service,8/15/1973,8,3,48,Truck,Intrastate,1,290000,Peak Shaving,,Storage w/ Liquefaction,,INITIAL,3/14/2018,3/14/2018
03/01/22,2017,20180439,762,1344,BERKSHIRE GAS CO,1585,WHATELY LNG PLANT,89353,WHATELY LNG,MA,01201,In Service,1/15/2000,0,1,3,Truck,Intrastate,2,3334,Satellite,,Storage w/o Liquefaction,,INITIAL,2/12/2018,2/12/2018
03/01/22,2017,20180492,821,1640,BOSTON GAS CO,1721,SALEM LNG PLANT,89356,,MA,01970,In Service,1/1/1972,0,2,30,Truck,Intrastate,1,290000,Peak Shaving,,Storage w/o Liquefaction,,INITIAL,3/13/2018,3/13/2018
03/01/22,2017,20180492,821,1640,BOSTON GAS CO,1722,LYNN LNG PLANT,89355,,MA,01901,In Service,1/1/1972,0,4,116,Truck,Intrastate,1,290000,Peak Shaving,,Storage w/o Liquefaction,,INITIAL,3/13/2018,3/13/2018
03/01/22,2017,20180492,821,1640,BOSTON GAS CO,1724,COMMERCIAL POINT DORCHESTER-MA,89354,,MA,02122,In Service,1/1/1969,0,3,187.2,Truck,Intrastate,1,331000,Peak Shaving,,Storage w/o Liquefaction,,INITIAL,3/13/2018,3/13/2018
03/01/22,2017,20180452,819,1800,KEYSPAN ENERGY DELIVERY - NY CITY,1753,LNG PLANT GREENPOINT,89357,,NY,11211,In Service,1/1/1968,8.5,6,300,Liquefaction,Intrastate,2,465000,Peak Shaving,,Storage w/ Liquefaction,,SUPPLEMENTAL,2/22/2018,3/12/2018
03/01/22,2017,20180456,827,2066,CAPE COD GAS CO (DIV OF COLONIAL GAS CO),1759,LNG PLANT WAREHAM-MA,89359,,MA,02571,In Service,1/1/1974,0,2,4.3,Truck,Intrastate,2,2450,Satellite,,Storage w/o Liquefaction,,SUPPLEMENTAL,2/22/2018,3/14/2018
03/01/22,2017,20180456,827,2066,CAPE COD GAS CO (DIV OF COLONIAL GAS CO),1760,LNG PLANT SOUTH YARMOUTH-MA,89358,,MA,02664,In Service,1/1/1975,0,4,26.4,Truck,Intrastate,1,50000,Peak Shaving,,Storage w/o Liquefaction,,SUPPLEMENTAL,2/22/2018,3/14/2018
03/01/22,2017,20180435,758,2288,CHATTANOOGA GAS CO,1587,CHATTANOOGA,44972,,TN,37421,In Service,10/6/1972,10,2,120,Liquefaction,Interstate,1,348000,Peak Shaving,,Storage w/ Liquefaction,,SUPPLEMENTAL,2/9/2018,2/9/2018
03/01/22,2017,20180458,783,2616,"COLUMBIA GAS TRANSMISSION, LLC",1573,CHESAPEAKE LNG,8051,CHES_LNG,VA,23323,In Service,3/27/1972,5,3,120,Liquefaction,Interstate,1,348000,Peak Shaving,,Storage w/ Liquefaction,,INITIAL,2/23/2018,2/23/2018
03/01/22,2017,20180445,770,2700,CONNECTICUT NATURAL GAS CORP,1612,"Rocky Hill, CT",87403,,CT,06067,In Service,7/11/1972,6,2,115,Liquefaction,Intrastate,1,348000,Peak Shaving,,Storage w/ Liquefaction,,INITIAL,2/13/2018,2/13/2018
03/01/22,2017,20180423,744,2704,CONSOLIDATED EDISON CO OF NEW YORK,1562,ASTORIA,89360,32,NY,11105,In Service,6/1/1974,5,5,240,Liquefaction,Intrastate,1,290000,Peak Shaving,,Storage w/ Liquefaction,,INITIAL,1/4/2018,1/4/2018
03/01/22,2017,20180472,798,3240,DELMARVA POWER & LIGHT COMPANY,1701,DELMARVA POWER & LIGHT LNG PLANT,89361,,DE,19801,In Service,9/18/1971,1.5,2,50,Liquefaction,Intrastate,1,72500,Peak Shaving,,Storage w/ Liquefaction,,INITIAL,3/5/2018,3/5/2018
03/01/22,2017,20180475,801,3411,DISTRIGAS OF MASSACHUSETTS LLC,1712,EVERETT MARINE TERMINAL,251,29,MA,02149,In Service,11/20/1971,0,12,715,Ship/Barge,Interstate,2,974000,Base Load,,Marine Terminal - Import,,INITIAL,3/6/2018,3/6/2018
03/01/22,2017,20180481,807,4070,"EAST TENNESSEE NATURAL GAS, LLC (SPECTRA ENERGY PARTNERS, LP)",1711,Kingsport LNG Plant,6592,,TN,37663,In Service,11/1/1975,6,3,150,Liquefaction,Interstate,1,348000,Peak Shaving,,Storage w/ Liquefaction,,INITIAL,3/9/2018,3/9/2018
03/01/22,2017,20180437,760,4350,ELIZABETHTOWN GAS CO,1592,ERIE ST PLANT,89362,,NJ,07206,In Service,6/1/1971,0,3,30,Truck,Intrastate,1,45000,Peak Shaving,,Storage w/o Liquefaction,,INITIAL,2/9/2018,2/9/2018
03/01/22,2017,20180455,780,4547,ESSEX COUNTY GAS CO,1644,LNG PLANT HAVERHILL-MA,89363,,MA,01830,In Service,1/1/1972,0,2,38,Truck,Intrastate,1,116000,Peak Shaving,,Storage w/o Liquefaction,,INITIAL,2/22/2018,2/22/2018
03/01/22,2017,20180443,768,5200,FITCHBURG GAS & ELECTRIC LIGHT CO,1602,WESTMINSTER LNG FACILITY,89364,#1,MA,01473,In Service,6/27/1974,0,2,7,Truck,Intrastate,1,1310,Satellite,,Storage w/o Liquefaction,,INITIAL,2/12/2018,2/12/2018
03/01/22,2017,20180463,789,6790,GREENVILLE UTILITIES COMMISSION,1684,LNG PLANT,88489,AQUA LANE,NC,27834,In Service,12/28/1997,0,2,24,Truck,Intrastate,6,7143,Peak Shaving,,Storage w/o Liquefaction,,SUPPLEMENTAL,2/26/2018,2/26/2018
03/01/22,2017,20180503,833,7330,"HOLYOKE GAS & ELECTRIC DEPT, CITY OF",1762,MUELLER RD CONTROL CENTER,89365,31,MA,01040,In Service,1/1/1971,0,1,18,Truck,Intrastate,4,5200,Satellite,,Storage w/o Liquefaction,,INITIAL,3/15/2018,3/15/2018
03/01/22,2017,20180474,800,7351,HOPKINTON LNG CO,1706,ACUSHNET LNG,90404,ACUSHNET LNG,MA,02743,In Service,9/17/1971,0,3,30,Truck,Intrastate,2,145000,Peak Shaving,,Storage w/o Liquefaction,,INITIAL,3/6/2018,3/6/2018
03/01/22,2017,20180474,800,7351,HOPKINTON LNG CO,1707,HOPKINTON LNG,48351,HOPKINTON LNG,MA,01748,In Service,8/9/1971,17,4,240,Liquefaction,Interstate,3,870000,Peak Shaving,,Storage w/ Both,,INITIAL,3/6/2018,3/6/2018
03/01/22,2017,20180451,838,8160,INTERMOUNTAIN GAS CO,1772,REXBURG SATELLITE LNG FACILITY,88929,REXBURG LNG,ID,83440,In Service,11/15/2006,0,1,19,Truck,Intrastate,1,1666,Satellite,,Storage w/o Liquefaction,,SUPPLEMENTAL,2/20/2018,5/31/2018
03/01/22,2017,20180451,838,8160,INTERMOUNTAIN GAS CO,1773,NAMPA LNG PLANT,88929,,ID,83687,In Service,12/15/1974,4,3,60,Liquefaction,Intrastate,1,175000,Peak Shaving,,Storage w/ Liquefaction,,SUPPLEMENTAL,2/20/2018,5/31/2018
03/01/22,2017,20180453,778,11713,KEYSPAN ENERGY DELIVERY - LONG ISLAND,1570,HOLTSVILLE LNG,89366,,NY,11742,In Service,1/1/1971,6,3,100,Liquefaction,Intrastate,1,175000,Peak Shaving,,Storage w/ Liquefaction,,INITIAL,2/22/2018,2/22/2018
03/01/22,2017,20180454,816,11856,COLONIAL GAS CO - LOWELL DIV,1741,Portable vaporizer 250-Transcraft,89369,,MA,01854,In Service,3/1/1990,0,1,6,Truck,Intrastate,0,0,Mobile/Temporary,,Other,Supplement a gas distribution system,SUPPLEMENTAL,2/22/2018,3/12/2018
03/01/22,2017,20180454,816,11856,COLONIAL GAS CO - LOWELL DIV,1742,Portable vaporizer 250-Fontaine,89369,,MA,01854,In Service,3/1/1990,0,1,6,Truck,Intrastate,0,0,Mobile/Temporary,,Other,Supplement a gas distribution system,SUPPLEMENTAL,2/22/2018,3/12/2018
03/01/22,2017,20180454,816,11856,COLONIAL GAS CO - LOWELL DIV,1743,Portable vaporizer 250-20114,89369,,MA,01854,In Service,6/1/1974,0,1,6,Truck,Intrastate,0,0,Mobile/Temporary,,Other,Supplement a gas distribution system,SUPPLEMENTAL,2/22/2018,3/12/2018
03/01/22,2017,20180454,816,11856,COLONIAL GAS CO - LOWELL DIV,1744,Portable vaporizer 250-20113,89369,,MA,01854,In Service,6/1/1974,0,1,6,Truck,Intrastate,0,0,Mobile/Temporary,,Other,Supplement a gas distribution system,SUPPLEMENTAL,2/22/2018,3/12/2018
03/01/22,2017,20180454,816,11856,COLONIAL GAS CO - LOWELL DIV,1745,Portable vaporizer 200-18859,89369,,MA,01854,In Service,11/1/1995,0,1,4.8,Truck,Intrastate,0,0,Mobile/Temporary,,Other,Supplement a gas distribution system,SUPPLEMENTAL,2/22/2018,3/12/2018
03/01/22,2017,20180454,816,11856,COLONIAL GAS CO - LOWELL DIV,1746,Portable vaporizer 200-19521,89369,,MA,01854,In Service,12/1/1992,0,1,4.8,Truck,Intrastate,0,0,Mobile/Temporary,,Other,Supplement a gas distribution system,SUPPLEMENTAL,2/22/2018,3/12/2018
03/01/22,2017,20180454,816,11856,COLONIAL GAS CO - LOWELL DIV,1747,Portable vaporizer 90-18850,89369,,MA,01854,In Service,4/1/2007,0,1,2.16,Truck,Intrastate,0,0,Mobile/Temporary,,Other,Supplement a gas distribution system,SUPPLEMENTAL,2/22/2018,3/12/2018
03/01/22,2017,20180454,816,11856,COLONIAL GAS CO - LOWELL DIV,1748,Portable vaporizer 60-18858,89369,,MA,01854,In Service,6/1/1969,0,1,1.44,Truck,Intrastate,0,0,Mobile/Temporary,,Other,Supplement a gas distribution system,SUPPLEMENTAL,2/22/2018,3/12/2018
03/01/22,2017,20180454,816,11856,COLONIAL GAS CO - LOWELL DIV,1749,Portable vaporizer 30-20077,89369,,MA,01854,In Service,1/1/1972,0,1,0.72,Truck,Intrastate,0,0,Mobile/Temporary,,Other,Supplement a gas distribution system,SUPPLEMENTAL,2/22/2018,3/12/2018
03/01/22,2017,20180454,816,11856,COLONIAL GAS CO - LOWELL DIV,1750,Portable vaporizer 26-19606,89369,,MA,01854,In Service,1/1/1970,0,1,0.624,Truck,Intrastate,0,0,Mobile/Temporary,,Other,Supplement a gas distribution system,SUPPLEMENTAL,2/22/2018,3/12/2018
03/01/22,2017,20180454,816,11856,COLONIAL GAS CO - LOWELL DIV,1751,LNG PLANT WESTFORD-MA,89368,,MA,01886,Retired,1/1/1972,0,0,0,Truck,Intrastate,0,0,Satellite,,Storage w/o Liquefaction,,SUPPLEMENTAL,2/22/2018,3/12/2018
03/01/22,2017,20180454,816,11856,COLONIAL GAS CO - LOWELL DIV,1752,LNG PLANT TEWKSBURY-MA,89367,,MA,01876,In Service,1/1/1969,0,4,80,Truck,Intrastate,1,290000,Peak Shaving,,Storage w/o Liquefaction,,SUPPLEMENTAL,2/22/2018,3/12/2018
03/01/22,2017,20180464,790,12342,MEMPHIS LIGHT GAS & WATER DIVISION,1689,CAPLEVILLE LNG,89371,45,TN,38118,In Service,6/1/1997,5,3,150,Liquefaction,Intrastate,1,290000,Peak Shaving,,Storage w/ Liquefaction,,INITIAL,2/27/2018,2/27/2018
03/01/22,2017,20180464,790,12342,MEMPHIS LIGHT GAS & WATER DIVISION,1690,ARLINGTON LNG,89370,44,TN,38002,Retired,4/21/1967,0,0,0,Liquefaction,Intrastate,0,0,Peak Shaving,,Storage w/ Liquefaction,,INITIAL,2/27/2018,2/27/2018
03/01/22,2017,20180444,769,12350,"CENTERPOINT ENERGY RESOURCES CORP., DBA CENTERPOINT ENERGY MINNESOTA GAS",1606,DAKOTA STATION,86164,27,MN,55337,In Service,1/1/1975,6,2,72,Liquefaction,Intrastate,1,290000,Peak Shaving,,Storage w/ Liquefaction,,INITIAL,2/13/2018,2/13/2018
03/01/22,2017,20180444,769,12350,"CENTERPOINT ENERGY RESOURCES CORP., DBA CENTERPOINT ENERGY MINNESOTA GAS",1607,Ambient Portable,86164,,MN,55337,In Service,1/1/1979,0,1,1,Truck,Intrastate,0,0,Mobile/Temporary,,Storage w/ Liquefaction,,INITIAL,2/13/2018,2/13/2018
03/01/22,2017,20180444,769,12350,"CENTERPOINT ENERGY RESOURCES CORP., DBA CENTERPOINT ENERGY MINNESOTA GAS",1608,Waterbath Portable,86164,,TX,77090,In Service,1/1/1989,0,1,6,Truck,Intrastate,0,0,Mobile/Temporary,,Storage w/ Liquefaction,,INITIAL,2/13/2018,2/13/2018
03/01/22,2017,20180425,746,12390,METROPOLITAN UTILITIES DISTRICT,1563,LIQUEFIED NATURAL GAS PLANT,89372,1,NE,68106,In Service,11/21/1975,6,2,60,Liquefaction,Intrastate,1,290000,Peak Shaving,,Storage w/ Liquefaction,,INITIAL,1/12/2018,1/12/2018
03/01/22,2017,20180441,766,12444,MIDDLEBOROUGH GAS & ELECTRIC DEPT,1598,VINE STREET LNG PLANT,89373,LNG1,MA,02346,In Service,11/24/1970,0,3,1.4,Truck,Intrastate,1,684,Satellite,,Storage w/o Liquefaction,,SUPPLEMENTAL,2/12/2018,2/12/2018
03/01/22,2017,20180469,795,13299,NEW JERSEY NATURAL GAS CO,1704,MANAHAWKIN LNG PLANT,89375,,NJ,08050,In Service,11/1/1972,0,1,24,Truck,Intrastate,1,30000,Satellite,,Storage w/o Liquefaction,,INITIAL,3/2/2018,3/2/2018
03/01/22,2017,20180469,795,13299,NEW JERSEY NATURAL GAS CO,1705,HOWELL LNG PLANT,89374,,NJ,07731,In Service,11/1/1973,10,4,150,Liquefaction,Intrastate,2,234000,Satellite,,Storage w/ Liquefaction,,INITIAL,3/2/2018,3/2/2018
03/01/22,2017,20180466,815,13480,NIAGARA MOHAWK POWER CORP,1738,Cumberland,90402,,RI,02864,In Service,1/1/1976,0,2,36,Truck,Intrastate,0,0,Other,Peak shaving plant wo storage capacity,Other,Vapor'n of LNG-del by truck. Tank removd,SUPPLEMENTAL,3/1/2018,3/12/2018
03/01/22,2017,20180466,815,13480,NIAGARA MOHAWK POWER CORP,1739,Exeter,90403,,RI,02822,In Service,11/12/1972,0,2,24,Truck,Intrastate,1,55000,Peak Shaving,,Storage w/o Liquefaction,,SUPPLEMENTAL,3/1/2018,3/12/2018
03/01/22,2017,20180466,815,13480,NIAGARA MOHAWK POWER CORP,1740,Providence LNG Plant,49011,,RI,02905,In Service,5/1/1974,0,3,150,Truck,Interstate,1,600000,Peak Shaving,,Storage w/o Liquefaction,,SUPPLEMENTAL,3/1/2018,3/12/2018
03/01/22,2017,20180499,829,13730,NORTHERN INDIANA PUBLIC SERVICE CO,1755,LAPORTE LNG PLANT,89378,1,IN,46371,In Service,9/1/1974,12,4,400,Liquefaction,Intrastate,2,1160000,Peak Shaving,,Storage w/ Both,,INITIAL,3/14/2018,3/14/2018
03/01/22,2017,20180499,829,13730,NORTHERN INDIANA PUBLIC SERVICE CO,1756,KOKOMO LNG PLANT,89377,,IN,46902,Retired,5/1/1973,1,2,30,Liquefaction,Intrastate,1,116000,Peak Shaving,,Storage w/ Both,,INITIAL,3/14/2018,3/14/2018
03/01/22,2017,20180485,811,13750,NORTHERN NATURAL GAS CO,1709,WRENSHALL LNG #1 PLANT,4653,2,MN,55797,In Service,7/15/1975,12,3,300,Liquefaction,Interstate,1,630000,Peak Shaving,,Storage w/ Both,,INITIAL,3/12/2018,3/12/2018
03/01/22,2017,20180485,811,13750,NORTHERN NATURAL GAS CO,1710,GARNER LNG PLANT,9173,1,IA,50438,In Service,8/15/1978,11,3,300,Liquefaction,Interstate,1,630000,Peak Shaving,,Storage w/ Both,,INITIAL,3/12/2018,3/12/2018
03/01/22,2017,20180488,814,13783,NORTHERN STATES POWER CO OF WISCONSIN,1716,EAU CLAIRE,89379,2851,WI,,In Service,10/15/1969,2,2,24,Liquefaction,Intrastate,1,78000,Peak Shaving,,Storage w/ Liquefaction,,INITIAL,3/12/2018,3/12/2018
03/01/22,2017,20180488,814,13783,NORTHERN STATES POWER CO OF WISCONSIN,1717,LA CROSSE,89380,2861,WI,,Abandoned,10/15/1969,0,0,0,Truck,Intrastate,1,37000,Satellite,,Storage w/o Liquefaction,,INITIAL,3/12/2018,3/12/2018
03/01/22,2017,20180442,767,13795,NORTHERN UTILITIES INC (ME),1601,LEWISTON LNG PLANT,89381,1,ME,04240,In Service,11/3/1971,0,3,34,Truck,Intrastate,3,3536,Satellite,,Storage w/o Liquefaction,,INITIAL,2/12/2018,2/12/2018
03/01/22,2017,20180490,818,13840,NORTHWEST NATURAL GAS CO,1697,NEWPORT LNG PLANT,,NEWPORT,OR,97365,In Service,1/1/1977,6,2,100,Liquefaction,Intrastate,1,300000,Peak Shaving,,Storage w/ Liquefaction,,INITIAL,3/12/2018,3/12/2018
03/01/22,2017,20180490,818,13840,NORTHWEST NATURAL GAS CO,1698,GASCO LNG PLANT,,GASCO,OR,97210,In Service,1/1/1969,2,3,120,Liquefaction,Intrastate,1,175000,Peak Shaving,,Storage w/ Liquefaction,,INITIAL,3/12/2018,3/12/2018
03/01/22,2017,20180468,794,13860,"NORWICH DEPT OF PUBLIC UTILITIES, CITY OF",1702,INDUSTRIAL PARK LNG PLANT REGULATING STATION # 9,87405,GPEAKINGPLANTS,CT,06360,In Service,1/1/1974,0,2,7,Truck,Intrastate,1,1191,Satellite,,Storage w/o Liquefaction,,INITIAL,3/2/2018,3/2/2018
03/01/22,2017,20180476,802,15007,PACIFIC GAS & ELECTRIC CO,1651,LNG-101-96,86282,,CA,95991,In Service,11/2/2016,0,0,0,Truck,Intrastate,1,244,Mobile/Temporary,,Other,Short-term planned/unplanned gas supply,INITIAL,3/7/2018,3/7/2018
03/01/22,2017,20180476,802,15007,PACIFIC GAS & ELECTRIC CO,1652,LNG-100-96,86282,,CA,95991,In Service,11/30/2016,0,0,0,Truck,Intrastate,1,244,Mobile/Temporary,,Other,Short-term planned/unplanned gas supply,INITIAL,3/7/2018,3/7/2018
03/01/22,2017,20180476,802,15007,PACIFIC GAS & ELECTRIC CO,1653,LAHX-1001,86282,,CA,95991,In Service,9/6/2013,0,4,1,Truck,Intrastate,0,0,Mobile/Temporary,,Other,Short-term planned/unplanned gas supply,INITIAL,3/7/2018,3/7/2018
03/01/22,2017,20180476,802,15007,PACIFIC GAS & ELECTRIC CO,1654,LNG-92-96,86282,,CA,95991,In Service,6/10/2013,0,0,0,Truck,Intrastate,1,244,Mobile/Temporary,,Other,Short-term planned/unplanned gas supply,INITIAL,3/7/2018,3/7/2018
03/01/22,2017,20180476,802,15007,PACIFIC GAS & ELECTRIC CO,1655,LNG-91-96,86282,,CA,95991,In Service,6/10/2013,0,0,0,Truck,Intrastate,1,244,Mobile/Temporary,,Other,Short-term planned/unplanned gas supply,INITIAL,3/7/2018,3/7/2018
03/01/22,2017,20180476,802,15007,PACIFIC GAS & ELECTRIC CO,1656,VAP-102,86282,VAP-102,CA,95991,Retired,5/21/2004,0,1,13,Truck,Intrastate,0,0,Mobile/Temporary,,Other,Short-term planned/unplanned gas supply,INITIAL,3/7/2018,3/7/2018
03/01/22,2017,20180476,802,15007,PACIFIC GAS & ELECTRIC CO,1657,VAP-103,86282,VAP-103,CA,95991,Retired,5/21/2004,0,1,13,Truck,Intrastate,0,0,Mobile/Temporary,,Other,Short-term planned/unplanned gas supply,INITIAL,3/7/2018,3/7/2018
03/01/22,2017,20180476,802,15007,PACIFIC GAS & ELECTRIC CO,1658,VAP-104,86282,VAP-104,CA,95991,Retired,10/26/2007,0,1,13,Truck,Intrastate,0,0,Mobile/Temporary,,Other,Short-term planned/unplanned gas supply,INITIAL,3/7/2018,3/7/2018
03/01/22,2017,20180476,802,15007,PACIFIC GAS & ELECTRIC CO,1659,LNG-ORCA1,86282,,CA,95991,In Service,2/3/2006,0,0,0,Truck,Intrastate,1,73,Mobile/Temporary,,Other,Short-term planned/unplanned gas supply,INITIAL,3/7/2018,3/7/2018
03/01/22,2017,20180476,802,15007,PACIFIC GAS & ELECTRIC CO,1660,LNG-91-150,86282,,CA,95991,In Service,5/21/2004,0,0,0,Truck,Intrastate,1,246,Mobile/Temporary,,Other,Short-term planned/unplanned gas supply,INITIAL,3/7/2018,3/7/2018
03/01/22,2017,20180476,802,15007,PACIFIC GAS & ELECTRIC CO,1661,LNG-91-100,86282,,CA,95991,In Service,5/21/2004,0,0,0,Truck,Intrastate,1,267,Mobile/Temporary,,Other,Short-term planned/unplanned gas supply,INITIAL,3/7/2018,3/7/2018
03/01/22,2017,20180476,802,15007,PACIFIC GAS & ELECTRIC CO,1662,LNG-91-70,86282,,CA,95991,In Service,5/8/2008,0,0,0,Truck,Intrastate,1,278,Mobile/Temporary,,Other,Short-term planned/unplanned gas supply,INITIAL,3/7/2018,3/7/2018
03/01/22,2017,20180476,802,15007,PACIFIC GAS & ELECTRIC CO,1663,Vap-105,86282,,CA,95991,In Service,11/10/2011,0,1,13,Truck,Intrastate,0,0,Mobile/Temporary,,Other,Short-term planned/unplanned gas supply,INITIAL,3/7/2018,3/7/2018
03/01/22,2017,20180476,802,15007,PACIFIC GAS & ELECTRIC CO,1664,Vap-106,86282,,CA,95991,In Service,12/21/2011,0,1,13,Truck,Intrastate,0,0,Mobile/Temporary,,Other,Short-term planned/unplanned gas supply,INITIAL,3/7/2018,3/7/2018
03/01/22,2017,20180476,802,15007,PACIFIC GAS & ELECTRIC CO,1665,Vap-101,86282,,CA,95991,In Service,11/8/2011,0,1,13,Truck,Intrastate,0,0,Mobile/Temporary,,Other,Short-term planned/unplanned gas supply,INITIAL,3/7/2018,3/7/2018
03/01/22,2017,20180476,802,15007,PACIFIC GAS & ELECTRIC CO,1666,LNG-91-200,86282,,CA,95991,In Service,7/13/2012,0,0,0,Truck,Intrastate,1,202,Mobile/Temporary,,Other,Short-term planned/unplanned gas supply,INITIAL,3/7/2018,3/7/2018
03/01/22,2017,20180476,802,15007,PACIFIC GAS & ELECTRIC CO,1667,LNG-92-200,86282,,CA,95991,In Service,7/15/2012,0,0,0,Truck,Intrastate,1,202,Mobile/Temporary,,Other,Short-term planned/unplanned gas supply,INITIAL,3/7/2018,3/7/2018
03/01/22,2017,20180476,802,15007,PACIFIC GAS & ELECTRIC CO,1668,LAHX-1002,86282,,CA,95991,In Service,5/16/2014,0,4,1,Truck,Intrastate,0,0,Mobile/Temporary,,Other,Short-term planned/unplanned gas supply,INITIAL,3/7/2018,3/7/2018
03/01/22,2017,20180476,802,15007,PACIFIC GAS & ELECTRIC CO,1669,LNG-93-96,86282,,CA,95991,In Service,3/20/2014,0,0,0,Truck,Intrastate,1,244,Mobile/Temporary,,Other,Short-term planned/unplanned gas supply,INITIAL,3/7/2018,3/7/2018
03/01/22,2017,20180476,802,15007,PACIFIC GAS & ELECTRIC CO,1670,LNG-94-96,86282,,CA,95991,In Service,6/17/2014,0,0,0,Truck,Intrastate,1,244,Mobile/Temporary,,Other,Short-term planned/unplanned gas supply,INITIAL,3/7/2018,3/7/2018
03/01/22,2017,20180476,802,15007,PACIFIC GAS & ELECTRIC CO,1671,LNG-95-96,86282,,CA,95991,In Service,6/17/2014,0,0,0,Truck,Intrastate,1,244,Mobile/Temporary,,Other,Short-term planned/unplanned gas supply,INITIAL,3/7/2018,3/7/2018
03/01/22,2017,20180476,802,15007,PACIFIC GAS & ELECTRIC CO,1672,LNG-99-96,86282,,CA,95991,In Service,11/14/2016,0,0,0,Truck,Intrastate,1,244,Mobile/Temporary,,Other,Short-term planned/unplanned gas supply,INITIAL,3/7/2018,3/7/2018
03/01/22,2017,20180476,802,15007,PACIFIC GAS & ELECTRIC CO,1673,LNG-98-96,86282,,CA,95991,In Service,10/18/2016,0,0,0,Truck,Intrastate,1,244,Mobile/Temporary,,Other,Short-term planned/unplanned gas supply,INITIAL,3/7/2018,3/7/2018
03/01/22,2017,20180476,802,15007,PACIFIC GAS & ELECTRIC CO,1674,LNG-97-96,86282,,CA,95991,In Service,6/27/2016,0,0,0,Truck,Intrastate,1,244,Mobile/Temporary,,Other,Short-term planned/unplanned gas supply,INITIAL,3/7/2018,3/7/2018
03/01/22,2017,20180476,802,15007,PACIFIC GAS & ELECTRIC CO,1675,LNG-96-96,86282,,CA,95991,In Service,6/27/2016,0,0,0,Truck,Intrastate,1,244,Mobile/Temporary,,Other,Short-term planned/unplanned gas supply,INITIAL,3/7/2018,3/7/2018
03/01/22,2017,20180476,802,15007,PACIFIC GAS & ELECTRIC CO,1692,VAP-107,86282,,CA,95991,In Service,7/2/2012,0,1,13,Truck,Intrastate,0,0,Mobile/Temporary,,Other,Short-term planned/unplanned gas supply,INITIAL,3/7/2018,3/7/2018
03/01/22,2017,20180495,824,15033,PAIUTE PIPELINE CO,1758,H.G Laub LNG PLANT,17455,LOVELOCK LNG PLANT,NV,89419,In Service,11/30/1982,5,3,105,Liquefaction,Interstate,1,290000,Peak Shaving,,Storage w/ Both,,INITIAL,3/13/2018,3/13/2018
03/01/22,2017,20180434,756,15329,PEOPLES GAS LIGHT & COKE CO,1583,LNG PLANT,89383,,IL,61843,In Service,9/30/1972,10,3,300,Liquefaction,Intrastate,2,580000,Peak Shaving,,Storage w/ Both,,INITIAL,2/6/2018,2/6/2018
03/01/22,2017,20180428,749,15359,BLACK HILLS ENERGY,1572,Black Hills Energy AR LNG Plant,89384,,AR,72315,In Service,1/1/1972,1,2,36,Liquefaction,Intrastate,1,55000,Peak Shaving,,Storage w/ Liquefaction,,INITIAL,1/25/2018,1/25/2018
03/01/22,2017,20180427,748,15462,PECO ENERGY CO,1565,West Conshohocken LNG Plant,89396,PECOLNG,PA,19428,In Service,1/1/1972,6,5,313,Liquefaction,Intrastate,1,348000,Peak Shaving,,Storage w/ Liquefaction,,INITIAL,1/19/2018,1/19/2018
03/01/22,2017,20180448,773,15469,PHILADELPHIA GAS WORKS,1620,RICHMOND_LNG,89398,36,PA,19134,In Service,1/1/1969,18.5,6,463,Liquefaction,Intrastate,2,1165952,Peak Shaving,,Storage w/ Liquefaction,,INITIAL,2/19/2018,2/19/2018
03/01/22,2017,20180448,773,15469,PHILADELPHIA GAS WORKS,1621,PASSYUNK_LNG,89397,17,PA,,In Service,11/1/1971,0,2,90,Truck,Intrastate,1,73000,Satellite,,Storage w/o Liquefaction,,INITIAL,2/19/2018,2/19/2018
03/01/22,2017,20180424,915,15480,CONOCOPHILLIPS ALASKA NATURAL GAS CORP.,1934,ConocoPhillips Kenai LNG Facility,,25,AK,99611,In Service,6/1/1969,225,0,0,Liquefaction,Interstate,3,750000,Base Load,,Marine Terminal - Export,,SUPPLEMENTAL,1/4/2018,3/12/2019
03/01/22,2017,20180501,831,15518,PIEDMONT NATURAL GAS CO INC,1693,BENTONVILLE LNG PLANT,88486,,NC,,In Service,1/7/1986,4,3,180,Liquefaction,Intrastate,1,290000,Peak Shaving,,Storage w/ Both,,INITIAL,3/15/2018,3/15/2018
03/01/22,2017,20180501,831,15518,PIEDMONT NATURAL GAS CO INC,1694,HUNTERSVILLE LNG PLANT,88486,,NC,,In Service,6/30/1973,5,2,200,Liquefaction,Intrastate,1,290000,Peak Shaving,,Storage w/ Both,,INITIAL,3/15/2018,3/15/2018
03/01/22,2017,20180501,831,15518,PIEDMONT NATURAL GAS CO INC,1695,NASHVILLE  LNG PLANT,88486,101,TN,,In Service,12/18/1973,5,2,150,Liquefaction,Intrastate,1,290000,Peak Shaving,,Storage w/ Both,,INITIAL,3/15/2018,3/15/2018
03/01/22,2017,20180477,803,15938,PUBLIC SERVICE CO OF NORTH CAROLINA,1691,PSNC ENERGY LNG FACILITY,88488,RS00322,NC,27607,In Service,10/17/1976,3,2,110,Liquefaction,Intrastate,1,290000,Peak Shaving,,Storage w/ Both,,INITIAL,3/8/2018,3/8/2018
03/01/22,2017,20180440,763,15952,PUBLIC SERVICE ELECTRIC & GAS CO,1566,BURLINGTON LNG,89389,9000001,NJ,08016,In Service,10/18/1972,0,1,75,Truck,Intrastate,1,100000,Satellite,,Storage w/o Liquefaction,,INITIAL,2/12/2018,2/12/2018
03/01/22,2017,20180430,751,16667,ENERGY NORTH NATURAL GAS INC,1575,LNG PLANT TILTON-NH,89392,LNG_PLNT_NH_TIL,NH,,In Service,1/1/1973,0,2,8,Truck,Intrastate,1,1285,Satellite,,Storage w/o Liquefaction,,INITIAL,1/31/2018,1/31/2018
03/01/22,2017,20180430,751,16667,ENERGY NORTH NATURAL GAS INC,1576,LNG PLANT CONCORD-NH,89390,LNG_PLNT_NH_MNC,NH,,In Service,1/1/1974,0,1,6,Truck,Intrastate,1,1285,Satellite,,Storage w/o Liquefaction,,INITIAL,1/31/2018,1/31/2018
03/01/22,2017,20180430,751,16667,ENERGY NORTH NATURAL GAS INC,1577,LNG PLANT MANCHESTER-NH,89391,,NH,,In Service,1/1/1972,0,2,5,Truck,Intrastate,1,1215,Satellite,,Storage w/o Liquefaction,,INITIAL,1/31/2018,1/31/2018
03/01/22,2017,20180470,796,17540,ROANOKE GAS CO,1708,LNG FACILITY,89393,40,VA,24083,In Service,5/15/1972,1,2,30,Liquefaction,Intrastate,1,59200,Peak Shaving,,Storage w/ Liquefaction,,INITIAL,3/2/2018,3/2/2018
03/01/22,2017,20180450,775,18112,SAN DIEGO GAS & ELECTRIC CO,1623,BORREGOLNG,87076,,CA,92004,In Service,3/1/1968,0,8,0.238,Truck,Intrastate,2,333,Satellite,,Storage w/o Liquefaction,,INITIAL,2/20/2018,2/20/2018
03/01/22,2017,20180489,817,18408,SOUTH CAROLINA ELECTRIC & GAS CO,1615,BUSHY PARK LNG,89394,186050,SC,29445,In Service,1/1/1975,6,3,60,Liquefaction,Intrastate,2,290000,Peak Shaving,,Storage w/ Liquefaction,,INITIAL,3/12/2018,3/12/2018
03/01/22,2017,20180489,817,18408,SOUTH CAROLINA ELECTRIC & GAS CO,1616,SALLEY LNG,89395,186055,SC,29107,In Service,12/31/1993,0,2,90,Truck,Intrastate,1,260000,Peak Shaving,,Storage w/o Liquefaction,,INITIAL,3/12/2018,3/12/2018
03/01/22,2017,20180446,771,18440,SOUTH JERSEY GAS CO,1617,MCKEE CITY,89396,2042478,NJ,08234,In Service,1/1/1973,5,2,110,Liquefaction,Intrastate,1,116800,Peak Shaving,,Storage w/ Liquefaction,,INITIAL,2/15/2018,2/15/2018
03/01/22,2017,20180480,806,18490,"SOUTHERN LNG, INC",1718,Southern LNG (Elba Island),42972,60000,GA,31404,In Service,12/3/2001,0,11,1755,Ship/Barge,Interstate,5,3450000,Base Load,,Marine Terminal - Import,,INITIAL,3/8/2018,3/8/2018
03/01/22,2017,20180480,806,18490,"SOUTHERN LNG, INC",1719,SLNG - SLNG DELIVERY FOR ELBA FUEL,42972,935210,GA,,Abandoned,12/3/2001,0,0,0,Ship/Barge,Interstate,0,0,Base Load,,Marine Terminal - Import,,INITIAL,3/8/2018,3/8/2018
03/01/22,2017,20180433,994,19570,TRANSCONTINENTAL GAS PIPE LINE COMPANY,2139,STATION 240,271,240,NJ,07072-2397,In Service,6/1/1965,1,4,400,Liquefaction,Interstate,2,580000,Peak Shaving,,Storage w/ Liquefaction,,SUPPLEMENTAL,2/2/2018,2/25/2020
03/01/22,2017,20180467,793,19733,"LAKE CHARLES LNG COMPANY, LLC",1680,"LAKE CHARLES LNG COMPANY, LLC",1104,LAKE CHARLES LNG COMPANY,LA,70605,In Service,9/26/1982,0,18,2100,Ship/Barge,Interstate,4,2700000,Base Load,,Marine Terminal - Import,,INITIAL,3/1/2018,3/1/2018
03/01/22,2017,20180494,823,22189,PUGET SOUND ENERGY,1699,LNG Mobile System,85654,,WA,98335,In Service,12/20/2001,0,1,6,Truck,Intrastate,2,476,Peak Shaving,,Storage w/o Liquefaction,,INITIAL,3/13/2018,3/13/2018
03/01/22,2017,20180494,823,22189,PUGET SOUND ENERGY,1700,GIG HARBOR SATELLITE,85654,GIG HARBOR SATELLITE,WA,98335,In Service,12/3/2004,0,1,16,Truck,Intrastate,2,3047,Peak Shaving,,Storage w/o Liquefaction,,INITIAL,3/13/2018,3/13/2018
03/01/22,2017,20180484,810,22763,WISCONSIN GAS LLC DBA WE ENERGIES,1734,RICE LAKE LNG PLANT,89397,,WI,,In Service,12/1/1974,0,1,4,Truck,Intrastate,4,5220,Satellite,,Storage w/o Liquefaction,,INITIAL,3/9/2018,3/9/2018
03/01/22,2017,20180483,809,22777,WISCONSIN ELECTRIC POWER COMPANY DBA WE ENERGIES,1733,ELM RD LNG PLANT,89398,,WI,,In Service,10/28/1965,1,3,70,Liquefaction,Intrastate,1,72000,Peak Shaving,,Storage w/ Liquefaction,,INITIAL,3/9/2018,3/9/2018
03/01/22,2017,20180473,799,24015,YANKEE GAS SERVICES CO,1703,Yankee Gas LNG,87402,,CT,06708,In Service,1/7/2007,6,4,120,Liquefaction,Intrastate,1,348000,Peak Shaving,,Storage w/ Liquefaction,,INITIAL,3/6/2018,3/6/2018
03/01/22,2017,20180479,805,30750,MIDAMERICAN ENERGY COMPANY,1713,DES MOINES LNG PLANT,89400,DSM LNG PLANT,IA,,In Service,7/15/1975,2,2,42,Liquefaction,Intrastate,1,116000,Peak Shaving,,Storage w/ Both,,INITIAL,3/8/2018,3/8/2018
03/01/22,2017,20180479,805,30750,MIDAMERICAN ENERGY COMPANY,1714,BET LNG PLANT,89399,BETTENDORF LNG PLANT,IA,,In Service,8/31/1972,2,1,48,Liquefaction,Intrastate,1,145000,Peak Shaving,,Storage w/ Both,,INITIAL,3/8/2018,3/8/2018
03/01/22,2017,20180479,805,30750,MIDAMERICAN ENERGY COMPANY,1715,WAT LNG PLANT,89401,WATERLOO LNG PLANT,IA,,In Service,7/15/1976,3,2,30,Liquefaction,Intrastate,2,233000,Peak Shaving,,Storage w/ Both,,INITIAL,3/8/2018,3/8/2018
03/01/22,2017,20180504,834,31044,LOWER VALLEY POWER & LIGHT INC.,1764,AFTON LNG PLANT,89049,AFTON LNG PLANT,WY,83110,In Service,12/12/1996,0,2,2.4,Truck,Intrastate,2,1194,Base Load,,Stranded Utility,,INITIAL,3/19/2018,3/19/2018
03/01/22,2017,20180504,834,31044,LOWER VALLEY POWER & LIGHT INC.,1765,JACKSON LNG PLANT,89049,JACKSON LNG PLANT,WY,83001,In Service,12/15/1996,0,4,7.2,Truck,Intrastate,3,4857,Peak Shaving,,Stranded Utility,,INITIAL,3/19/2018,3/19/2018
03/01/22,2017,20180498,828,31191,ENERGY WEST MONTANA,1757,West Yellowstone,88857,,MT,,In Service,12/1/1995,0,5,2,Truck,Intrastate,1,1310,Base Load,,Stranded Utility,,INITIAL,3/14/2018,3/14/2018
03/01/22,2017,20180422,743,31337,"APPLIED LNG TECNOLOGIES USA, LLC",1560,Midlothian LNG,89403,,TX,76065,In Service,5/18/2016,8,2,16,Liquefaction,Intrastate,6,7140,Base Load,,Vehicular Fuel,,INITIAL,1/3/2018,1/3/2018
03/01/22,2017,20180422,743,31337,"APPLIED LNG TECNOLOGIES USA, LLC",1561,NEEDLE MOUNTAIN LNG FACILITY,89402,80008,AZ,86436,In Service,7/24/1998,16,4,16,Liquefaction,Intrastate,4,4760,Base Load,,Vehicular Fuel,,INITIAL,1/3/2018,1/3/2018
03/01/22,2017,20180491,820,31421,TOTAL PEAKING SERVICES,1754,TOTAL PEAKING SERVICES LNG,38541,TPS LNG,CT,06461,In Service,9/29/1972,6,3,90,Liquefaction,Interstate,1,348000,Peak Shaving,,Storage w/ Liquefaction,,INITIAL,3/12/2018,3/12/2018
03/01/22,2017,20180487,813,31636,NORTHERN STATES POWER CO OF MINNESOTA,1571,WESCOTT,86666,,MN,55077,In Service,8/31/1975,10,2,250,Liquefaction,Intrastate,2,608000,Peak Shaving,,Storage w/ Liquefaction,,INITIAL,3/12/2018,3/12/2018
03/01/22,2017,20180465,791,31664,"DOMINION ENERGY COVE POINT LNG, LP",1696,Cove Point LNG,47801,,MD,20657,In Service,4/15/1978,15,16,1800,Ship/Barge,Interstate,7,4350000,Base Load,,Marine Terminal - Import,,INITIAL,2/28/2018,2/28/2018
03/01/22,2017,20180457,782,31770,LIBERTY UTILITIES (NEW ENGLAND NATURAL GAS COMPANY) CORP,1679,FALL RIVER LNG,89404,,MA,02722,In Service,9/1/1970,0,2,20,Truck,Intrastate,1,45000,Peak Shaving,,Storage w/o Liquefaction,,INITIAL,2/23/2018,2/23/2018
03/01/22,2017,20180500,830,32152,"SABINE PASS LNG, L.P. (Cheniere)",1761,Sabine Pass LNG Terminal,69194,,LA,70631,In Service,9/1/2008,2744.3,24,4000,Ship/Barge,Interstate,5,5031849,Base Load,,Marine Terminal - Both,,INITIAL,3/14/2018,3/14/2018
03/01/22,2017,20180431,752,32206,"FREEPORT LNG DEVELOPMENT, L.P.",1578,"Freeport LNG Development, L.P.",70464,,TX,77541,In Service,7/1/2008,0,7,1500,Ship/Barge,Interstate,2,2012000,Base Load,,Marine Terminal - Both,,INITIAL,1/31/2018,1/31/2018
03/01/22,2017,20180486,812,32214,"CAMERON LNG, LLC",1737,"Cameron LNG, LLC",70244,,LA,70645,In Service,7/29/2009,0,10,1500,Ship/Barge,Interstate,3,3191190,Base Load,,Marine Terminal - Both,,INITIAL,3/12/2018,3/12/2018
03/01/22,2017,20180482,808,32220,GOLDEN PASS LNG TERMINAL LLC,1723,"Golden Pass LNG Terminal, LLC",70664,,TX,77655,In Service,3/14/2011,0,10,2000,Ship/Barge,Interstate,5,4874604,Base Load,,Marine Terminal - Import,,INITIAL,3/9/2018,3/9/2018
03/01/22,2017,20180426,747,32496,"DESERT GAS, LP.",1564,Desert Gas - Ehrenberg,89405,,AZ,85334,In Service,3/1/2010,6,0,0,Liquefaction,Intrastate,2,2381,Base Load,,Vehicular Fuel,,INITIAL,1/18/2018,1/18/2018
03/01/22,2017,20180429,750,32561,ECOELECTRICA L.P.,1574,"EcoElectrica,LP",74619,,PR,00624,In Service,6/10/2000,0,4,279,Ship/Barge,Interstate,1,1000000,Base Load,,Marine Terminal - Import,,INITIAL,1/29/2018,1/29/2018
03/01/22,2017,20180478,804,32640,SOUTHERN GULF LNG COMPANY LLC,1720,Gulf LNG Energy,73959,,MS,39581,In Service,10/1/2011,0,10,1500,Ship/Barge,Interstate,2,2000000,Base Load,,Marine Terminal - Import,,INITIAL,3/8/2018,3/8/2018
03/01/22,2017,20180436,948,32648,PIVOTAL LNG INC.,1971,Trussville LNG,89406,,AL,35173,In Service,7/1/1978,5,0,0,Liquefaction,Intrastate,1,116800,Other,Storage w/ Liquefaction,Vehicular Fuel,,SUPPLEMENTAL,2/9/2018,9/3/2019
03/01/22,2017,20180432,1068,32684,"PINE NEEDLE OPERATING COMPANY,LLC",2281,"Pine Needle LNG Company,LLC",,157,NC,27357,In Service,5/1/1999,20,2,400,Liquefaction,Interstate,2,1160000,Peak Shaving,,Storage w/ Liquefaction,,SUPPLEMENTAL,2/2/2018,9/16/2020
03/01/22,2017,20180493,822,38927,UGI ENERGY SERVICES,1735,Temple LNG Plant,73438,,PA,19605,In Service,11/1/1971,10,5,202,Liquefaction,Interstate,2,367408,Peak Shaving,,Storage w/ Both,,INITIAL,3/13/2018,3/13/2018
03/01/22,2017,20180493,822,38927,UGI ENERGY SERVICES,1736,Manning LNG Facility,90401,,PA,18630,In Service,7/1/2017,10,0,0,Liquefaction,Intrastate,1,13471,Base Load,,Other,Trucking w/ Liquefaction and Storage,INITIAL,3/13/2018,3/13/2018
03/01/22,2017,20180447,772,39053,"LNG INDY, LLC",1569,LNG South,89408,,IN,46203,In Service,12/16/1972,10,0,0,Liquefaction,Intrastate,1,290000,Other,Merchant,Storage w/ Liquefaction,,INITIAL,2/16/2018,2/16/2018
03/01/22,2017,20180447,772,39053,"LNG INDY, LLC",1619,LNG North,89407,,IN,46268,In Service,7/1/1991,7.5,3,180,Liquefaction,Intrastate,1,290000,Other,Merchant & Peak Shaving,Storage w/ Liquefaction,,INITIAL,2/16/2018,2/16/2018
03/01/22,2017,20180471,841,39054,WILLIAMS PARTNERS OPERATING LLC,1776,PLYMOUTH LNG,1155,,WA,99346,In Service,1/1/1975,12,4,300,Liquefaction,Interstate,2,690000,Peak Shaving,,Storage w/ Liquefaction,,SUPPLEMENTAL,3/2/2018,10/4/2018
03/01/22,2017,20180460,785,39092,TITAN ALASKA LNG,1676,Titan AK LNG,17515,,AK,99652,In Service,11/29/1998,4,0,0,Liquefaction,Intrastate,0,0,Mobile/Temporary,,Other,Liquefaction,INITIAL,2/23/2018,2/23/2018
03/01/22,2017,20180462,787,39247,LNG HOLDINGS (FLORIDA) LLC,1682,Miami LNG,84171,,FL,33166,In Service,4/5/2016,8.264,0,0,Liquefaction,Interstate,3,6429,Other,merchant,Other,merchant,INITIAL,2/26/2018,2/26/2018
03/01/22,2017,20180461,786,39453,STABILIS ENERGY EAGLE FORD LNG,1681,Stabilis Energy Eagle LNG,89409,,TX,78071,In Service,2/16/2015,10,0,0,Liquefaction,Intrastate,3,6100,Other,Merchant,Storage w/ Liquefaction,,INITIAL,2/26/2018,2/26/2018
03/01/22,2017,20180505,836,39547,CLEAN ENERGY TEXAS LNG,1767,Clean Energy Texas LNG,89410,,TX,77318,In Service,3/15/2005,7,0,0,Liquefaction,Intrastate,1,28000,Other,Transportation,Vehicular Fuel,,SUPPLEMENTAL,3/30/2018,3/30/2018
03/01/22,2017,20180506,941,39742,NORTH DAKOTA LNG LLC,1963,Tioga Plant,88990,,ND,58852,In Service,9/1/2014,8.07,0,0,Liquefaction,Intrastate,2,2857,Base Load,,Storage w/ Liquefaction,,SUPPLEMENTAL,6/29/2018,4/23/2019
03/01/22,2017,20180459,784,99128,FAIRBANKS NATURAL GAS,1677,STORAGE SITE 2,17505,FNG STORAGE SITE 2,AK,99701,In Service,12/15/2006,0,1,7,Truck,Intrastate,4,5952,Base Load,,Storage w/o Liquefaction,,INITIAL,2/23/2018,2/23/2018
03/01/22,2017,20180459,784,99128,FAIRBANKS NATURAL GAS,1678,STORAGE SITE 1,17505,FNG STORAGE SITE 1,AK,99701,In Service,6/1/1998,0,1,3,Truck,Intrastate,4,2146,Base Load,,Storage w/o Liquefaction,,INITIAL,2/23/2018,2/23/2018
,,,,,,,,,,,,,,,,,,,,,,,,,,,
,,,,,,,,,,,,,,,,,,,,,,,,,,,
,,,,,,,,,,,,,,,,,,,,,,,,,,,
,,,,,,,,,,,,,,,,,,,,,,,,,,,
,,,,,,,,,,,,,,,,,,,,,,,,,,,
,,,,,,,,,,,,,,,,,,,,,,,,,,,
,,,,,,,,,,,,,,,,,,,,,,,,,,,
,,,,,,,,,,,,,,,,,,,,,,,,,,,
,,,,,,,,,,,,,,,,,,,,,,,,,,,
,,,,,,,,,,,,,,,,,,,,,,,,,,,
,,,,,,,,,,,,,,,,,,,,,,,,,,,
,,,,,,,,,,,,,,,,,,,,,,,,,,,
,,,,,,,,,,,,,,,,,,,,,,,,,,,
,,,,,,,,,,,,,,,,,,,,,,,,,,,
,,,,,,,,,,,,,,,,,,,,,,,,,,,
,,,,,,,,,,,,,,,,,,,,,,,,,,,
,,,,,,,,,,,,,,,,,,,,,,,,,,,
,,,,,,,,,,,,,,,,,,,,,,,,,,,
,,,,,,,,,,,,,,,,,,,,,,,,,,,
,,,,,,,,,,,,,,,,,,,,,,,,,,,
,,,,,,,,,,,,,,,,,,,,,,,,,,,
,,,,,,,,,,,,,,,,,,,,,,,,,,,
,,,,,,,,,,,,,,,,,,,,,,,,,,,
,,,,,,,,,,,,,,,,,,,,,,,,,,,
,,,,,,,,,,,,,,,,,,,,,,,,,,,
,,,,,,,,,,,,,,,,,,,,,,,,,,,
,,,,,,,,,,,,,,,,,,,,,,,,,,,
,,,,,,,,,,,,,,,,,,,,,,,,,,,
,,,,,,,,,,,,,,,,,,,,,,,,,,,
,,,,,,,,,,,,,,,,,,,,,,,,,,,
,,,,,,,,,,,,,,,,,,,,,,,,,,,
,,,,,,,,,,,,,,,,,,,,,,,,,,,
,,,,,,,,,,,,,,,,,,,,,,,,,,,
,,,,,,,,,,,,,,,,,,,,,,,,,,,
,,,,,,,,,,,,,,,,,,,,,,,,,,,
,,,,,,,,,,,,,,,,,,,,,,,,,,,
,,,,,,,,,,,,,,,,,,,,,,,,,,,
,,,,,,,,,,,,,,,,,,,,,,,,,,,
,,,,,,,,,,,,,,,,,,,,,,,,,,,
,,,,,,,,,,,,,,,,,,,,,,,,,,,
,,,,,,,,,,,,,,,,,,,,,,,,,,,
,,,,,,,,,,,,,,,,,,,,,,,,,,,
,,,,,,,,,,,,,,,,,,,,,,,,,,,
,,,,,,,,,,,,,,,,,,,,,,,,,,,
,,,,,,,,,,,,,,,,,,,,,,,,,,,
,,,,,,,,,,,,,,,,,,,,,,,,,,,
,,,,,,,,,,,,,,,,,,,,,,,,,,,
,,,,,,,,,,,,,,,,,,,,,,,,,,,
,,,,,,,,,,,,,,,,,,,,,,,,,,,
,,,,,,,,,,,,,,,,,,,,,,,,,,,
,,,,,,,,,,,,,,,,,,,,,,,,,,,
,,,,,,,,,,,,,,,,,,,,,,,,,,,
,,,,,,,,,,,,,,,,,,,,,,,,,,,
,,,,,,,,,,,,,,,,,,,,,,,,,,,
,,,,,,,,,,,,,,,,,,,,,,,,,,,
,,,,,,,,,,,,,,,,,,,,,,,,,,,
,,,,,,,,,,,,,,,,,,,,,,,,,,,
,,,,,,,,,,,,,,,,,,,,,,,,,,,
,,,,,,,,,,,,,,,,,,,,,,,,,,,
,,,,,,,,,,,,,,,,,,,,,,,,,,,
,,,,,,,,,,,,,,,,,,,,,,,,,,,
,,,,,,,,,,,,,,,,,,,,,,,,,,,
,,,,,,,,,,,,,,,,,,,,,,,,,,,
,,,,,,,,,,,,,,,,,,,,,,,,,,,
,,,,,,,,,,,,,,,,,,,,,,,,,,,
,,,,,,,,,,,,,,,,,,,,,,,,,,,
,,,,,,,,,,,,,,,,,,,,,,,,,,,
,,,,,,,,,,,,,,,,,,,,,,,,,,,
,,,,,,,,,,,,,,,,,,,,,,,,,,,
,,,,,,,,,,,,,,,,,,,,,,,,,,,
,,,,,,,,,,,,,,,,,,,,,,,,,,,
,,,,,,,,,,,,,,,,,,,,,,,,,,,
,,,,,,,,,,,,,,,,,,,,,,,,,,,
,,,,,,,,,,,,,,,,,,,,,,,,,,,
,,,,,,,,,,,,,,,,,,,,,,,,,,,
,,,,,,,,,,,,,,,,,,,,,,,,,,,
,,,,,,,,,,,,,,,,,,,,,,,,,,,
,,,,,,,,,,,,,,,,,,,,,,,,,,,
,,,,,,,,,,,,,,,,,,,,,,,,,,,
,,,,,,,,,,,,,,,,,,,,,,,,,,,
,,,,,,,,,,,,,,,,,,,,,,,,,,,
,,,,,,,,,,,,,,,,,,,,,,,,,,,
,,,,,,,,,,,,,,,,,,,,,,,,,,,
,,,,,,,,,,,,,,,,,,,,,,,,,,,
,,,,,,,,,,,,,,,,,,,,,,,,,,,
,,,,,,,,,,,,,,,,,,,,,,,,,,,
,,,,,,,,,,,,,,,,,,,,,,,,,,,
,,,,,,,,,,,,,,,,,,,,,,,,,,,
,,,,,,,,,,,,,,,,,,,,,,,,,,,
,,,,,,,,,,,,,,,,,,,,,,,,,,,
,,,,,,,,,,,,,,,,,,,,,,,,,,,
,,,,,,,,,,,,,,,,,,,,,,,,,,,
,,,,,,,,,,,,,,,,,,,,,,,,,,,
,,,,,,,,,,,,,,,,,,,,,,,,,,,
,,,,,,,,,,,,,,,,,,,,,,,,,,,
,,,,,,,,,,,,,,,,,,,,,,,,,,,
,,,,,,,,,,,,,,,,,,,,,,,,,,,
,,,,,,,,,,,,,,,,,,,,,,,,,,,
,,,,,,,,,,,,,,,,,,,,,,,,,,,
,,,,,,,,,,,,,,,,,,,,,,,,,,,
,,,,,,,,,,,,,,,,,,,,,,,,,,,
,,,,,,,,,,,,,,,,,,,,,,,,,,,
,,,,,,,,,,,,,,,,,,,,,,,,,,,
,,,,,,,,,,,,,,,,,,,,,,,,,,,
,,,,,,,,,,,,,,,,,,,,,,,,,,,
,,,,,,,,,,,,,,,,,,,,,,,,,,,
,,,,,,,,,,,,,,,,,,,,,,,,,,,
,,,,,,,,,,,,,,,,,,,,,,,,,,,
,,,,,,,,,,,,,,,,,,,,,,,,,,,
,,,,,,,,,,,,,,,,,,,,,,,,,,,
,,,,,,,,,,,,,,,,,,,,,,,,,,,
,,,,,,,,,,,,,,,,,,,,,,,,,,,
,,,,,,,,,,,,,,,,,,,,,,,,,,,
,,,,,,,,,,,,,,,,,,,,,,,,,,,
,,,,,,,,,,,,,,,,,,,,,,,,,,,
,,,,,,,,,,,,,,,,,,,,,,,,,,,
,,,,,,,,,,,,,,,,,,,,,,,,,,,
,,,,,,,,,,,,,,,,,,,,,,,,,,,
,,,,,,,,,,,,,,,,,,,,,,,,,,,
,,,,,,,,,,,,,,,,,,,,,,,,,,,
,,,,,,,,,,,,,,,,,,,,,,,,,,,
,,,,,,,,,,,,,,,,,,,,,,,,,,,
,,,,,,,,,,,,,,,,,,,,,,,,,,,
,,,,,,,,,,,,,,,,,,,,,,,,,,,
,,,,,,,,,,,,,,,,,,,,,,,,,,,
,,,,,,,,,,,,,,,,,,,,,,,,,,,
,,,,,,,,,,,,,,,,,,,,,,,,,,,
,,,,,,,,,,,,,,,,,,,,,,,,,,,
,,,,,,,,,,,,,,,,,,,,,,,,,,,
,,,,,,,,,,,,,,,,,,,,,,,,,,,
,,,,,,,,,,,,,,,,,,,,,,,,,,,
,,,,,,,,,,,,,,,,,,,,,,,,,,,
,,,,,,,,,,,,,,,,,,,,,,,,,,,
,,,,,,,,,,,,,,,,,,,,,,,,,,,
,,,,,,,,,,,,,,,,,,,,,,,,,,,
,,,,,,,,,,,,,,,,,,,,,,,,,,,
,,,,,,,,,,,,,,,,,,,,,,,,,,,
,,,,,,,,,,,,,,,,,,,,,,,,,,,
,,,,,,,,,,,,,,,,,,,,,,,,,,,
,,,,,,,,,,,,,,,,,,,,,,,,,,,
,,,,,,,,,,,,,,,,,,,,,,,,,,,
,,,,,,,,,,,,,,,,,,,,,,,,,,,
,,,,,,,,,,,,,,,,,,,,,,,,,,,
,,,,,,,,,,,,,,,,,,,,,,,,,,,
,,,,,,,,,,,,,,,,,,,,,,,,,,,
,,,,,,,,,,,,,,,,,,,,,,,,,,,
,,,,,,,,,,,,,,,,,,,,,,,,,,,
,,,,,,,,,,,,,,,,,,,,,,,,,,,
,,,,,,,,,,,,,,,,,,,,,,,,,,,
,,,,,,,,,,,,,,,,,,,,,,,,,,,
